CREATE DATABASE  IF NOT EXISTS `asset_management` /*!40100 DEFAULT CHARACTER SET utf8mb4 COLLATE utf8mb4_0900_ai_ci */ /*!80016 DEFAULT ENCRYPTION='N' */;
USE `asset_management`;
-- MySQL dump 10.13  Distrib 8.0.44, for Win64 (x86_64)
--
-- Host: localhost    Database: asset_management
-- ------------------------------------------------------
-- Server version	9.5.0

/*!40101 SET @OLD_CHARACTER_SET_CLIENT=@@CHARACTER_SET_CLIENT */;
/*!40101 SET @OLD_CHARACTER_SET_RESULTS=@@CHARACTER_SET_RESULTS */;
/*!40101 SET @OLD_COLLATION_CONNECTION=@@COLLATION_CONNECTION */;
/*!50503 SET NAMES utf8 */;
/*!40103 SET @OLD_TIME_ZONE=@@TIME_ZONE */;
/*!40103 SET TIME_ZONE='+00:00' */;
/*!40014 SET @OLD_UNIQUE_CHECKS=@@UNIQUE_CHECKS, UNIQUE_CHECKS=0 */;
/*!40014 SET @OLD_FOREIGN_KEY_CHECKS=@@FOREIGN_KEY_CHECKS, FOREIGN_KEY_CHECKS=0 */;
/*!40101 SET @OLD_SQL_MODE=@@SQL_MODE, SQL_MODE='NO_AUTO_VALUE_ON_ZERO' */;
/*!40111 SET @OLD_SQL_NOTES=@@SQL_NOTES, SQL_NOTES=0 */;
SET @MYSQLDUMP_TEMP_LOG_BIN = @@SESSION.SQL_LOG_BIN;
SET @@SESSION.SQL_LOG_BIN= 0;

--
-- GTID state at the beginning of the backup 
--

SET @@GLOBAL.GTID_PURGED=/*!80000 '+'*/ '4901d208-f29b-11f0-993e-2c58b9de6848:1-1623';

--
-- Table structure for table `asset_assignments`
--

DROP TABLE IF EXISTS `asset_assignments`;
/*!40101 SET @saved_cs_client     = @@character_set_client */;
/*!50503 SET character_set_client = utf8mb4 */;
CREATE TABLE `asset_assignments` (
  `id` int NOT NULL AUTO_INCREMENT,
  `asset_id` int NOT NULL,
  `assigned_to` int NOT NULL,
  `assigned_by` int DEFAULT NULL,
  `unassigned_by` int DEFAULT NULL,
  `description` varchar(255) DEFAULT NULL,
  `created_at` timestamp NULL DEFAULT CURRENT_TIMESTAMP,
  `updated_at` timestamp NULL DEFAULT CURRENT_TIMESTAMP ON UPDATE CURRENT_TIMESTAMP,
  `assigned_at` timestamp NOT NULL DEFAULT CURRENT_TIMESTAMP,
  `unassigned_at` timestamp NULL DEFAULT NULL,
  PRIMARY KEY (`id`),
  UNIQUE KEY `uq_asset_active_assignment` (`asset_id`,`assigned_at`),
  KEY `fk_asset_assignments_assigned_to` (`assigned_to`),
  KEY `fk_asset_assignments_assigned_by` (`assigned_by`),
  KEY `fk_asset_assignments_unassigned_by` (`unassigned_by`)
) ENGINE=InnoDB AUTO_INCREMENT=45 DEFAULT CHARSET=utf8mb4 COLLATE=utf8mb4_0900_ai_ci;
/*!40101 SET character_set_client = @saved_cs_client */;

--
-- Dumping data for table `asset_assignments`
--

LOCK TABLES `asset_assignments` WRITE;
/*!40000 ALTER TABLE `asset_assignments` DISABLE KEYS */;
INSERT INTO `asset_assignments` VALUES (1,90,4,3,NULL,'','2026-03-01 06:52:13','2026-03-01 06:52:13','2026-03-01 06:52:13',NULL),(2,41,4,3,NULL,'','2026-03-01 06:52:13','2026-03-01 06:52:13','2026-03-01 06:52:13',NULL),(3,1,4,3,3,'','2026-03-01 06:52:13','2026-03-01 12:23:52','2026-03-01 06:52:13','2026-03-01 12:23:52'),(4,61,4,3,NULL,'','2026-03-01 06:52:13','2026-03-01 06:52:13','2026-03-01 06:52:13',NULL),(5,21,4,3,NULL,'','2026-03-01 06:52:13','2026-03-01 06:52:13','2026-03-01 06:52:13',NULL),(6,105,4,3,3,'','2026-03-01 12:13:38','2026-03-02 15:52:21','2026-03-01 12:13:38','2026-03-02 15:52:21'),(7,1,5,3,NULL,'','2026-03-01 12:24:06','2026-03-01 12:24:06','2026-03-01 12:24:06',NULL),(8,2,4,3,NULL,'','2026-03-01 12:26:38','2026-03-01 12:26:38','2026-03-01 12:26:38',NULL),(9,22,5,3,NULL,'','2026-03-01 12:27:01','2026-03-01 12:27:01','2026-03-01 12:27:01',NULL),(10,42,5,3,NULL,'','2026-03-01 12:27:01','2026-03-01 12:27:01','2026-03-01 12:27:01',NULL),(11,62,5,3,NULL,'','2026-03-01 12:27:01','2026-03-01 12:27:01','2026-03-01 12:27:01',NULL),(12,43,6,3,3,'','2026-03-01 16:59:57','2026-03-01 17:04:55','2026-03-01 16:59:57','2026-03-01 17:04:55'),(13,44,7,3,NULL,'','2026-03-01 17:00:02','2026-03-01 17:00:02','2026-03-01 17:00:02',NULL),(14,45,11,3,NULL,'','2026-03-01 17:00:09','2026-03-01 17:00:09','2026-03-01 17:00:09',NULL),(15,23,6,3,NULL,'','2026-03-02 12:33:43','2026-03-02 12:33:43','2026-03-02 12:33:43',NULL),(16,63,6,3,NULL,'','2026-03-02 12:33:43','2026-03-02 12:33:43','2026-03-02 12:33:43',NULL),(17,3,6,3,NULL,'','2026-03-02 12:33:43','2026-03-02 12:33:43','2026-03-02 12:33:43',NULL),(18,43,6,3,NULL,'','2026-03-02 12:33:43','2026-03-02 12:33:43','2026-03-02 12:33:43',NULL),(19,24,7,4,NULL,'Assigned via Assets page','2026-03-02 13:05:03','2026-03-02 13:05:03','2026-03-02 13:05:03',NULL),(20,29,9,4,4,'Assigned via Assets page','2026-03-02 13:05:12','2026-03-02 13:05:17','2026-03-02 13:05:12','2026-03-02 13:05:17'),(21,106,5,3,3,'','2026-03-02 15:51:18','2026-03-02 15:51:56','2026-03-02 15:51:18','2026-03-02 15:51:56'),(22,105,5,3,NULL,'','2026-03-02 15:52:32','2026-03-02 15:52:32','2026-03-02 15:52:32',NULL),(23,46,9,3,NULL,'','2026-03-03 05:13:21','2026-03-03 05:13:21','2026-03-03 05:13:21',NULL),(24,91,9,3,4,'','2026-03-03 05:13:46','2026-03-03 05:45:12','2026-03-03 05:13:46','2026-03-03 05:45:12'),(25,715,4,2,3,'Supplied by vendor for PO #7','2026-03-03 05:38:46','2026-03-07 05:56:55','2026-03-03 05:38:46','2026-03-07 05:56:55'),(26,716,4,2,3,'Supplied by vendor for PO #7','2026-03-03 05:38:46','2026-03-07 04:55:54','2026-03-03 05:38:46',NULL),(27,717,4,2,3,'Supplied by vendor for PO #7','2026-03-03 05:38:46','2026-03-07 04:55:54','2026-03-03 05:38:46',NULL),(28,718,4,2,3,'Supplied by vendor for PO #7','2026-03-03 05:38:46','2026-03-07 04:55:54','2026-03-03 05:38:46',NULL),(29,719,4,2,3,'Supplied by vendor for PO #7','2026-03-03 05:38:46','2026-03-07 04:55:54','2026-03-03 05:38:46',NULL),(30,720,4,2,3,'Supplied by vendor for PO #7','2026-03-03 05:38:46','2026-03-07 04:55:54','2026-03-03 05:38:46',NULL),(31,721,4,2,3,'Supplied by vendor for PO #7','2026-03-03 05:38:46','2026-03-07 04:55:54','2026-03-03 05:38:46',NULL),(32,722,4,2,3,'Supplied by vendor for PO #7','2026-03-03 05:38:46','2026-03-07 04:55:54','2026-03-03 05:38:46',NULL),(33,723,4,2,3,'Supplied by vendor for PO #7','2026-03-03 05:38:46','2026-03-07 04:55:54','2026-03-03 05:38:46',NULL),(34,724,4,2,3,'Supplied by vendor for PO #7','2026-03-03 05:38:46','2026-03-07 04:55:54','2026-03-03 05:38:46',NULL),(35,51,7,4,NULL,'Assigned via Assets page','2026-03-05 06:22:15','2026-03-05 06:22:15','2026-03-05 06:22:15',NULL),(36,50,6,4,NULL,'Assigned via Assets page','2026-03-05 06:23:34','2026-03-05 06:23:34','2026-03-05 06:23:34',NULL),(37,91,7,4,4,'Assigned via Assets page','2026-03-05 06:38:01','2026-03-05 06:38:04','2026-03-05 06:38:01','2026-03-05 06:38:04'),(38,106,8,3,NULL,'','2026-03-07 03:36:48','2026-03-07 03:36:48','2026-03-07 03:36:48',NULL),(39,107,8,3,NULL,'','2026-03-07 03:36:48','2026-03-07 03:36:48','2026-03-07 03:36:48',NULL),(40,91,4,3,3,'','2026-03-07 05:31:16','2026-03-07 05:56:55','2026-03-07 05:31:16','2026-03-07 05:56:55'),(41,92,4,3,3,'','2026-03-07 05:31:17','2026-03-07 05:56:54','2026-03-07 05:31:17','2026-03-07 05:56:54'),(42,93,4,3,3,'','2026-03-07 05:31:17','2026-03-07 05:56:55','2026-03-07 05:31:17','2026-03-07 05:56:55'),(43,94,4,3,3,'','2026-03-07 05:31:17','2026-03-07 05:56:55','2026-03-07 05:31:17','2026-03-07 05:56:55'),(44,715,4,3,3,'','2026-03-07 05:31:17','2026-03-07 05:56:55','2026-03-07 05:31:17','2026-03-07 05:56:55');
/*!40000 ALTER TABLE `asset_assignments` ENABLE KEYS */;
UNLOCK TABLES;

--
-- Table structure for table `asset_requests`
--

DROP TABLE IF EXISTS `asset_requests`;
/*!40101 SET @saved_cs_client     = @@character_set_client */;
/*!50503 SET character_set_client = utf8mb4 */;
CREATE TABLE `asset_requests` (
  `id` int NOT NULL AUTO_INCREMENT,
  `asset_id` int DEFAULT NULL,
  `request_type` enum('Repair','Replacement','New Asset','Supervisor Request') NOT NULL,
  `reason` varchar(100) DEFAULT NULL,
  `description` varchar(100) DEFAULT NULL,
  `priority` enum('Low','Medium','High','Critical') DEFAULT 'Medium',
  `status` enum('Pending','In Progress','Approved','Rejected','Completed') DEFAULT 'Pending',
  `requested_by` int NOT NULL,
  `assigned_to` int DEFAULT NULL,
  `response` varchar(100) DEFAULT NULL,
  `created_at` timestamp NULL DEFAULT CURRENT_TIMESTAMP,
  `updated_at` timestamp NULL DEFAULT CURRENT_TIMESTAMP ON UPDATE CURRENT_TIMESTAMP,
  PRIMARY KEY (`id`),
  UNIQUE KEY `uq_asset_request` (`asset_id`,`requested_by`,`created_at`),
  KEY `fk_asset_requests_requested_by` (`requested_by`),
  KEY `fk_asset_requests_assigned_to` (`assigned_to`)
) ENGINE=InnoDB AUTO_INCREMENT=7 DEFAULT CHARSET=utf8mb4 COLLATE=utf8mb4_0900_ai_ci;
/*!40101 SET character_set_client = @saved_cs_client */;

--
-- Dumping data for table `asset_requests`
--

LOCK TABLES `asset_requests` WRITE;
/*!40000 ALTER TABLE `asset_requests` DISABLE KEYS */;
INSERT INTO `asset_requests` VALUES (1,43,'Replacement','Not Clicking keys',NULL,'High','In Progress',6,3,NULL,'2026-03-02 12:56:20','2026-03-15 05:58:56'),(2,23,'Replacement','color effect error','ghjmnbhj','High','Pending',6,3,NULL,'2026-03-02 16:53:05','2026-03-15 05:58:36'),(3,NULL,'New Asset','Change op system','[New Asset Request]\nCategory: Desktop Computers\nType: Hardware\nModel: HP Linux\n\nDescription: qw','Medium','In Progress',6,3,NULL,'2026-03-02 17:07:59','2026-03-15 05:25:55'),(4,NULL,'New Asset','Change op system','[New Asset Request]\nCategory: Desktop Computers\nType: Hardware\nModel: HP Linux\n\nDescription: qw','Medium','Pending',6,4,NULL,'2026-03-02 17:07:59','2026-03-14 10:31:07'),(5,24,'Repair','ihgiugig',NULL,'Low','Pending',7,NULL,NULL,'2026-03-14 12:08:19','2026-03-14 12:08:19'),(6,45,'Replacement','key is not working',NULL,'Low','Pending',11,NULL,NULL,'2026-03-15 05:24:29','2026-03-15 05:24:29');
/*!40000 ALTER TABLE `asset_requests` ENABLE KEYS */;
UNLOCK TABLES;

--
-- Table structure for table `assets`
--

DROP TABLE IF EXISTS `assets`;
/*!40101 SET @saved_cs_client     = @@character_set_client */;
/*!50503 SET character_set_client = utf8mb4 */;
CREATE TABLE `assets` (
  `id` int NOT NULL AUTO_INCREMENT,
  `name` varchar(100) NOT NULL,
  `org_id` int NOT NULL,
  `description` varchar(100) DEFAULT NULL,
  `serial_number` varchar(100) DEFAULT NULL,
  `category_id` int DEFAULT NULL,
  `location_id` int DEFAULT NULL,
  `room_id` int DEFAULT NULL,
  `status` enum('Available','Assigned','Under Maintenance','Exit Pending','Retired') DEFAULT 'Available',
  `asset_type` enum('Hardware','Software') NOT NULL,
  `purchase_date` date DEFAULT NULL,
  `warranty_expiry` date DEFAULT NULL,
  `purchase_cost` decimal(10,2) DEFAULT NULL,
  `created_by` int DEFAULT NULL,
  `created_at` timestamp NULL DEFAULT CURRENT_TIMESTAMP,
  `updated_at` timestamp NULL DEFAULT CURRENT_TIMESTAMP ON UPDATE CURRENT_TIMESTAMP,
  PRIMARY KEY (`id`),
  KEY `fk_asset_category_id_idx` (`category_id`),
  KEY `fk_asset_loc_id_idx` (`location_id`),
  KEY `fk_asset_room_id_idx` (`room_id`),
  KEY `fk_asset_created_by_idx` (`created_by`),
  KEY `fk_asset_org_id_idx` (`org_id`)
) ENGINE=InnoDB AUTO_INCREMENT=731 DEFAULT CHARSET=utf8mb4 COLLATE=utf8mb4_0900_ai_ci;
/*!40101 SET character_set_client = @saved_cs_client */;

--
-- Dumping data for table `assets`
--

LOCK TABLES `assets` WRITE;
/*!40000 ALTER TABLE `assets` DISABLE KEYS */;
INSERT INTO `assets` VALUES (1,'HP Windows',2,NULL,'HP-W-HW-1-1/0001',1,1,2,'Assigned','Hardware','2026-03-01',NULL,44998.00,3,'2026-02-28 19:21:07','2026-03-01 12:24:06'),(2,'HP Windows',2,NULL,'HP-W-HW-1-1/0002',1,1,1,'Assigned','Hardware','2026-03-01',NULL,44998.00,3,'2026-02-28 19:21:07','2026-03-01 12:26:38'),(3,'HP Windows',2,NULL,'HP-W-HW-1-1/0003',1,1,1,'Assigned','Hardware','2026-03-01',NULL,44998.00,3,'2026-02-28 19:21:07','2026-03-02 12:33:43'),(4,'HP Windows',2,NULL,'HP-W-HW-1-1/0004',1,1,1,'Available','Hardware','2026-03-01',NULL,44998.00,3,'2026-02-28 19:21:07','2026-02-28 19:21:07'),(5,'HP Windows',2,NULL,'HP-W-HW-1-1/0005',1,1,1,'Available','Hardware','2026-03-01',NULL,44998.00,3,'2026-02-28 19:21:07','2026-02-28 19:21:07'),(6,'HP Windows',2,NULL,'HP-W-HW-1-1/0006',1,1,1,'Available','Hardware','2026-03-01',NULL,44998.00,3,'2026-02-28 19:21:07','2026-02-28 19:21:07'),(7,'HP Windows',2,NULL,'HP-W-HW-1-1/0007',1,1,1,'Available','Hardware','2026-03-01',NULL,44998.00,3,'2026-02-28 19:21:07','2026-02-28 19:21:07'),(8,'HP Windows',2,NULL,'HP-W-HW-1-1/0008',1,1,1,'Available','Hardware','2026-03-01',NULL,44998.00,3,'2026-02-28 19:21:07','2026-02-28 19:21:07'),(9,'HP Windows',2,NULL,'HP-W-HW-1-1/0009',1,1,1,'Available','Hardware','2026-03-01',NULL,44998.00,3,'2026-02-28 19:21:07','2026-02-28 19:21:07'),(10,'HP Windows',2,NULL,'HP-W-HW-1-1/0010',1,1,1,'Available','Hardware','2026-03-01',NULL,44998.00,3,'2026-02-28 19:21:07','2026-02-28 19:21:07'),(11,'HP Windows',2,NULL,'HP-W-HW-1-1/0011',1,1,1,'Available','Hardware','2026-03-01',NULL,44998.00,3,'2026-02-28 19:21:07','2026-02-28 19:21:07'),(12,'HP Windows',2,NULL,'HP-W-HW-1-1/0012',1,1,1,'Available','Hardware','2026-03-01',NULL,44998.00,3,'2026-02-28 19:21:07','2026-02-28 19:21:07'),(13,'HP Windows',2,NULL,'HP-W-HW-1-1/0013',1,1,1,'Available','Hardware','2026-03-01',NULL,44998.00,3,'2026-02-28 19:21:07','2026-02-28 19:21:07'),(14,'HP Windows',2,NULL,'HP-W-HW-1-1/0014',1,1,1,'Available','Hardware','2026-03-01',NULL,44998.00,3,'2026-02-28 19:21:07','2026-02-28 19:21:07'),(15,'HP Windows',2,NULL,'HP-W-HW-1-1/0015',1,1,1,'Available','Hardware','2026-03-01',NULL,44998.00,3,'2026-02-28 19:21:07','2026-02-28 19:21:07'),(16,'HP Windows',2,NULL,'HP-W-HW-1-1/0016',1,1,2,'Available','Hardware','2026-03-01',NULL,44998.00,3,'2026-02-28 19:21:07','2026-02-28 21:41:21'),(17,'HP Windows',2,NULL,'HP-W-HW-1-1/0017',1,1,2,'Available','Hardware','2026-03-01',NULL,44998.00,3,'2026-02-28 19:21:07','2026-02-28 21:41:21'),(18,'HP Windows',2,NULL,'HP-W-HW-1-1/0018',1,1,2,'Available','Hardware','2026-03-01',NULL,44998.00,3,'2026-02-28 19:21:07','2026-02-28 21:41:21'),(19,'HP Windows',2,NULL,'HP-W-HW-1-1/0019',1,1,2,'Available','Hardware','2026-03-01',NULL,44998.00,3,'2026-02-28 19:21:07','2026-02-28 21:41:21'),(20,'HP Windows',2,NULL,'HP-W-HW-1-1/0020',1,1,2,'Available','Hardware','2026-03-01',NULL,44998.00,3,'2026-02-28 19:21:07','2026-02-28 21:41:21'),(21,'HP Monitor',2,NULL,'HP-M-HW-4-1/0001',4,1,1,'Assigned','Hardware','2026-03-01',NULL,9999.00,3,'2026-02-28 19:29:21','2026-03-01 06:52:13'),(22,'HP Monitor',2,NULL,'HP-M-HW-4-1/0002',4,1,2,'Assigned','Hardware','2026-03-01',NULL,9999.00,3,'2026-02-28 19:29:21','2026-03-01 12:27:01'),(23,'HP Monitor',2,NULL,'HP-M-HW-4-1/0003',4,1,1,'Assigned','Hardware','2026-03-01',NULL,9999.00,3,'2026-02-28 19:29:21','2026-03-02 12:33:43'),(24,'HP Monitor',2,NULL,'HP-M-HW-4-1/0004',4,1,1,'Assigned','Hardware','2026-03-01',NULL,9999.00,3,'2026-02-28 19:29:21','2026-03-02 13:05:03'),(25,'HP Monitor',2,NULL,'HP-M-HW-4-1/0005',4,1,1,'Available','Hardware','2026-03-01',NULL,9999.00,3,'2026-02-28 19:29:21','2026-02-28 19:29:21'),(26,'HP Monitor',2,NULL,'HP-M-HW-4-1/0006',4,1,1,'Available','Hardware','2026-03-01',NULL,9999.00,3,'2026-02-28 19:29:21','2026-02-28 19:29:21'),(27,'HP Monitor',2,NULL,'HP-M-HW-4-1/0007',4,1,1,'Available','Hardware','2026-03-01',NULL,9999.00,3,'2026-02-28 19:29:21','2026-02-28 19:29:21'),(28,'HP Monitor',2,NULL,'HP-M-HW-4-1/0008',4,1,1,'Available','Hardware','2026-03-01',NULL,9999.00,3,'2026-02-28 19:29:21','2026-02-28 19:29:21'),(29,'HP Monitor',2,NULL,'HP-M-HW-4-1/0009',4,1,1,'Available','Hardware','2026-03-01',NULL,9999.00,3,'2026-02-28 19:29:21','2026-03-02 13:05:17'),(30,'HP Monitor',2,NULL,'HP-M-HW-4-1/0010',4,1,1,'Available','Hardware','2026-03-01',NULL,9999.00,3,'2026-02-28 19:29:21','2026-02-28 19:29:21'),(31,'HP Monitor',2,NULL,'HP-M-HW-4-1/0011',4,1,1,'Available','Hardware','2026-03-01',NULL,9999.00,3,'2026-02-28 19:29:21','2026-02-28 19:29:21'),(32,'HP Monitor',2,NULL,'HP-M-HW-4-1/0012',4,1,1,'Available','Hardware','2026-03-01',NULL,9999.00,3,'2026-02-28 19:29:21','2026-02-28 19:29:21'),(33,'HP Monitor',2,NULL,'HP-M-HW-4-1/0013',4,1,1,'Available','Hardware','2026-03-01',NULL,9999.00,3,'2026-02-28 19:29:21','2026-02-28 19:29:21'),(34,'HP Monitor',2,NULL,'HP-M-HW-4-1/0014',4,1,1,'Available','Hardware','2026-03-01',NULL,9999.00,3,'2026-02-28 19:29:21','2026-02-28 19:29:21'),(35,'HP Monitor',2,NULL,'HP-M-HW-4-1/0015',4,1,1,'Available','Hardware','2026-03-01',NULL,9999.00,3,'2026-02-28 19:29:21','2026-02-28 19:29:21'),(36,'HP Monitor',2,NULL,'HP-M-HW-4-1/0016',4,1,2,'Available','Hardware','2026-03-01',NULL,9999.00,3,'2026-02-28 19:29:21','2026-02-28 21:41:21'),(37,'HP Monitor',2,NULL,'HP-M-HW-4-1/0017',4,1,2,'Available','Hardware','2026-03-01',NULL,9999.00,3,'2026-02-28 19:29:21','2026-02-28 21:41:21'),(38,'HP Monitor',2,NULL,'HP-M-HW-4-1/0018',4,1,2,'Available','Hardware','2026-03-01',NULL,9999.00,3,'2026-02-28 19:29:21','2026-02-28 21:41:21'),(39,'HP Monitor',2,NULL,'HP-M-HW-4-1/0019',4,1,2,'Available','Hardware','2026-03-01',NULL,9999.00,3,'2026-02-28 19:29:21','2026-02-28 21:41:21'),(40,'HP Monitor',2,NULL,'HP-M-HW-4-1/0020',4,1,2,'Available','Hardware','2026-03-01',NULL,9999.00,3,'2026-02-28 19:29:21','2026-02-28 21:41:21'),(41,'HP Keyboard',2,NULL,'HP-K-HW-9-1/0001',9,1,1,'Assigned','Hardware','2026-03-01',NULL,147.00,3,'2026-02-28 19:33:30','2026-03-01 06:52:13'),(42,'HP Keyboard',2,NULL,'HP-K-HW-9-1/0002',9,1,2,'Assigned','Hardware','2026-03-01',NULL,147.00,3,'2026-02-28 19:33:30','2026-03-01 12:27:01'),(43,'HP Keyboard',2,NULL,'HP-K-HW-9-1/0003',9,1,1,'Assigned','Hardware','2026-03-01',NULL,147.00,3,'2026-02-28 19:33:30','2026-03-02 12:33:43'),(44,'HP Keyboard',2,NULL,'HP-K-HW-9-1/0004',9,1,1,'Assigned','Hardware','2026-03-01',NULL,147.00,3,'2026-02-28 19:33:30','2026-03-01 17:00:02'),(45,'HP Keyboard',2,NULL,'HP-K-HW-9-1/0005',9,1,1,'Under Maintenance','Hardware','2026-03-01',NULL,147.00,3,'2026-02-28 19:33:30','2026-03-15 05:23:42'),(46,'HP Keyboard',2,NULL,'HP-K-HW-9-1/0006',9,1,1,'Assigned','Hardware','2026-03-01',NULL,147.00,3,'2026-02-28 19:33:30','2026-03-03 05:13:21'),(47,'HP Keyboard',2,NULL,'HP-K-HW-9-1/0007',9,1,1,'Available','Hardware','2026-03-01',NULL,147.00,3,'2026-02-28 19:33:30','2026-02-28 19:33:30'),(48,'HP Keyboard',2,NULL,'HP-K-HW-9-1/0008',9,1,1,'Available','Hardware','2026-03-01',NULL,147.00,3,'2026-02-28 19:33:30','2026-02-28 19:33:30'),(49,'HP Keyboard',2,NULL,'HP-K-HW-9-1/0009',9,1,1,'Available','Hardware','2026-03-01',NULL,147.00,3,'2026-02-28 19:33:30','2026-02-28 19:33:30'),(50,'HP Keyboard',2,NULL,'HP-K-HW-9-1/0010',9,1,1,'Assigned','Hardware','2026-03-01',NULL,147.00,3,'2026-02-28 19:33:30','2026-03-05 06:23:34'),(51,'HP Keyboard',2,NULL,'HP-K-HW-9-1/0011',9,1,1,'Assigned','Hardware','2026-03-01',NULL,147.00,3,'2026-02-28 19:33:30','2026-03-05 06:22:15'),(52,'HP Keyboard',2,NULL,'HP-K-HW-9-1/0012',9,1,1,'Available','Hardware','2026-03-01',NULL,147.00,3,'2026-02-28 19:33:30','2026-02-28 19:33:30'),(53,'HP Keyboard',2,NULL,'HP-K-HW-9-1/0013',9,1,1,'Available','Hardware','2026-03-01',NULL,147.00,3,'2026-02-28 19:33:30','2026-02-28 19:33:30'),(54,'HP Keyboard',2,NULL,'HP-K-HW-9-1/0014',9,1,1,'Available','Hardware','2026-03-01',NULL,147.00,3,'2026-02-28 19:33:30','2026-02-28 19:33:30'),(55,'HP Keyboard',2,NULL,'HP-K-HW-9-1/0015',9,1,1,'Available','Hardware','2026-03-01',NULL,147.00,3,'2026-02-28 19:33:30','2026-02-28 19:33:30'),(56,'HP Keyboard',2,NULL,'HP-K-HW-9-1/0016',9,1,2,'Available','Hardware','2026-03-01',NULL,147.00,3,'2026-02-28 19:33:30','2026-02-28 21:41:21'),(57,'HP Keyboard',2,NULL,'HP-K-HW-9-1/0017',9,1,2,'Available','Hardware','2026-03-01',NULL,147.00,3,'2026-02-28 19:33:30','2026-02-28 21:41:21'),(58,'HP Keyboard',2,NULL,'HP-K-HW-9-1/0018',9,1,2,'Available','Hardware','2026-03-01',NULL,147.00,3,'2026-02-28 19:33:30','2026-02-28 21:41:21'),(59,'HP Keyboard',2,NULL,'HP-K-HW-9-1/0019',9,1,2,'Available','Hardware','2026-03-01',NULL,147.00,3,'2026-02-28 19:33:30','2026-02-28 21:41:21'),(60,'HP Keyboard',2,NULL,'HP-K-HW-9-1/0020',9,1,2,'Available','Hardware','2026-03-01',NULL,147.00,3,'2026-02-28 19:33:30','2026-02-28 21:41:21'),(61,'HP Mouse',2,NULL,'HP-M-HW-9-1/0001',9,1,1,'Assigned','Hardware','2026-03-01',NULL,197.00,3,'2026-02-28 19:34:15','2026-03-01 06:52:13'),(62,'HP Mouse',2,NULL,'HP-M-HW-9-1/0002',9,1,2,'Assigned','Hardware','2026-03-01',NULL,197.00,3,'2026-02-28 19:34:15','2026-03-01 12:27:01'),(63,'HP Mouse',2,NULL,'HP-M-HW-9-1/0003',9,1,1,'Assigned','Hardware','2026-03-01',NULL,197.00,3,'2026-02-28 19:34:15','2026-03-02 12:33:43'),(64,'HP Mouse',2,NULL,'HP-M-HW-9-1/0004',9,1,1,'Available','Hardware','2026-03-01',NULL,197.00,3,'2026-02-28 19:34:15','2026-02-28 19:34:15'),(65,'HP Mouse',2,NULL,'HP-M-HW-9-1/0005',9,1,1,'Available','Hardware','2026-03-01',NULL,197.00,3,'2026-02-28 19:34:15','2026-02-28 19:34:15'),(66,'HP Mouse',2,NULL,'HP-M-HW-9-1/0006',9,1,1,'Available','Hardware','2026-03-01',NULL,197.00,3,'2026-02-28 19:34:15','2026-02-28 19:34:15'),(67,'HP Mouse',2,NULL,'HP-M-HW-9-1/0007',9,1,1,'Available','Hardware','2026-03-01',NULL,197.00,3,'2026-02-28 19:34:15','2026-02-28 19:34:15'),(68,'HP Mouse',2,NULL,'HP-M-HW-9-1/0008',9,1,1,'Available','Hardware','2026-03-01',NULL,197.00,3,'2026-02-28 19:34:15','2026-02-28 19:34:15'),(69,'HP Mouse',2,NULL,'HP-M-HW-9-1/0009',9,1,1,'Available','Hardware','2026-03-01',NULL,197.00,3,'2026-02-28 19:34:15','2026-02-28 19:34:15'),(70,'HP Mouse',2,NULL,'HP-M-HW-9-1/0010',9,1,1,'Available','Hardware','2026-03-01',NULL,197.00,3,'2026-02-28 19:34:15','2026-02-28 19:34:15'),(71,'HP Mouse',2,NULL,'HP-M-HW-9-1/0011',9,1,1,'Available','Hardware','2026-03-01',NULL,197.00,3,'2026-02-28 19:34:15','2026-02-28 19:34:15'),(72,'HP Mouse',2,NULL,'HP-M-HW-9-1/0012',9,1,1,'Available','Hardware','2026-03-01',NULL,197.00,3,'2026-02-28 19:34:15','2026-02-28 19:34:15'),(73,'HP Mouse',2,NULL,'HP-M-HW-9-1/0013',9,1,1,'Available','Hardware','2026-03-01',NULL,197.00,3,'2026-02-28 19:34:15','2026-02-28 19:34:15'),(74,'HP Mouse',2,NULL,'HP-M-HW-9-1/0014',9,1,1,'Available','Hardware','2026-03-01',NULL,197.00,3,'2026-02-28 19:34:15','2026-02-28 19:34:15'),(75,'HP Mouse',2,NULL,'HP-M-HW-9-1/0015',9,1,1,'Available','Hardware','2026-03-01',NULL,197.00,3,'2026-02-28 19:34:15','2026-02-28 19:34:15'),(76,'HP Mouse',2,NULL,'HP-M-HW-9-1/0016',9,1,2,'Available','Hardware','2026-03-01',NULL,197.00,3,'2026-02-28 19:34:15','2026-02-28 21:41:21'),(77,'HP Mouse',2,NULL,'HP-M-HW-9-1/0017',9,1,2,'Available','Hardware','2026-03-01',NULL,197.00,3,'2026-02-28 19:34:15','2026-02-28 21:41:21'),(78,'HP Mouse',2,NULL,'HP-M-HW-9-1/0018',9,1,2,'Available','Hardware','2026-03-01',NULL,197.00,3,'2026-02-28 19:34:15','2026-02-28 21:41:21'),(79,'HP Mouse',2,NULL,'HP-M-HW-9-1/0019',9,1,2,'Available','Hardware','2026-03-01',NULL,197.00,3,'2026-02-28 19:34:15','2026-02-28 21:41:21'),(80,'HP Mouse',2,NULL,'HP-M-HW-9-1/0020',9,1,2,'Available','Hardware','2026-03-01',NULL,197.00,3,'2026-02-28 19:34:15','2026-02-28 21:41:21'),(83,'HP ProOne-240',2,NULL,'HP-P-HW-1-1/0001',1,2,4,'Available','Hardware','2026-03-01','2027-03-01',70000.00,3,'2026-02-28 20:10:32','2026-03-01 07:01:21'),(84,'HP ProOne-240',2,NULL,'HP-P-HW-1-1/0002',1,2,4,'Available','Hardware','2026-03-01','2027-03-01',70000.00,3,'2026-02-28 20:10:32','2026-03-01 07:01:21'),(85,'HP Windows',2,NULL,'HP-W-HW-1-1/0021',1,1,2,'Available','Hardware','2026-03-01',NULL,45999.00,3,'2026-02-28 20:15:24','2026-02-28 21:41:21'),(86,'HP Windows',2,NULL,'HP-W-HW-1-1/0022',1,1,2,'Available','Hardware','2026-03-01',NULL,45999.00,3,'2026-02-28 20:15:24','2026-02-28 21:41:21'),(87,'HP Windows',2,NULL,'HP-W-HW-1-1/0023',1,1,2,'Available','Hardware','2026-03-01',NULL,45999.00,3,'2026-02-28 20:15:24','2026-02-28 21:41:21'),(88,'HP Windows',2,NULL,'HP-W-HW-1-1/0024',1,1,2,'Available','Hardware','2026-03-01',NULL,45999.00,3,'2026-02-28 20:15:24','2026-02-28 21:41:21'),(89,'HP Windows',2,NULL,'HP-W-HW-1-1/0025',1,1,2,'Available','Hardware','2026-03-01',NULL,45999.00,3,'2026-02-28 20:15:24','2026-02-28 21:41:21'),(90,'Dell Monitor',2,NULL,'DELL-M-HW-4-1/0001',4,1,1,'Assigned','Hardware','2026-03-01',NULL,9999.00,3,'2026-02-28 20:21:11','2026-03-01 06:52:13'),(91,'Dell Monitor',2,NULL,'DELL-M-HW-4-1/0002',4,1,1,'Available','Hardware','2026-03-01',NULL,9999.00,3,'2026-02-28 20:21:11','2026-03-07 05:56:55'),(92,'Dell Monitor',2,NULL,'DELL-M-HW-4-1/0003',4,1,1,'Available','Hardware','2026-03-01',NULL,9999.00,3,'2026-02-28 20:21:11','2026-03-07 05:56:54'),(93,'Dell Monitor',2,NULL,'DELL-M-HW-4-1/0004',4,1,1,'Available','Hardware','2026-03-01',NULL,9999.00,3,'2026-02-28 20:21:11','2026-03-07 05:56:55'),(94,'Dell Monitor',2,NULL,'DELL-M-HW-4-1/0005',4,1,1,'Available','Hardware','2026-03-01',NULL,9999.00,3,'2026-02-28 20:21:11','2026-03-07 05:56:55'),(95,'HP Keyboard',2,NULL,'HP-K-HW-9-1/0021',9,1,3,'Available','Hardware','2026-03-01',NULL,150.00,3,'2026-02-28 20:23:56','2026-02-28 20:23:56'),(96,'HP Keyboard',2,NULL,'HP-K-HW-9-1/0022',9,1,3,'Available','Hardware','2026-03-01',NULL,150.00,3,'2026-02-28 20:23:56','2026-02-28 20:23:56'),(97,'HP Keyboard',2,NULL,'HP-K-HW-9-1/0023',9,1,3,'Available','Hardware','2026-03-01',NULL,150.00,3,'2026-02-28 20:23:56','2026-02-28 20:23:56'),(98,'HP Keyboard',2,NULL,'HP-K-HW-9-1/0024',9,1,3,'Available','Hardware','2026-03-01',NULL,150.00,3,'2026-02-28 20:23:56','2026-02-28 20:23:56'),(99,'HP Keyboard',2,NULL,'HP-K-HW-9-1/0025',9,1,3,'Available','Hardware','2026-03-01',NULL,150.00,3,'2026-02-28 20:23:56','2026-02-28 20:23:56'),(100,'HP Mouse',2,NULL,'HP-M-HW-9-1/0021',9,1,3,'Available','Hardware','2026-03-01',NULL,200.00,3,'2026-02-28 20:24:53','2026-02-28 20:24:53'),(101,'HP Mouse',2,NULL,'HP-M-HW-9-1/0022',9,1,3,'Available','Hardware','2026-03-01',NULL,200.00,3,'2026-02-28 20:24:53','2026-02-28 20:24:53'),(102,'HP Mouse',2,NULL,'HP-M-HW-9-1/0023',9,1,3,'Available','Hardware','2026-03-01',NULL,200.00,3,'2026-02-28 20:24:53','2026-02-28 20:24:53'),(103,'HP Mouse',2,NULL,'HP-M-HW-9-1/0024',9,1,3,'Available','Hardware','2026-03-01',NULL,200.00,3,'2026-02-28 20:24:53','2026-02-28 20:24:53'),(104,'HP Mouse',2,NULL,'HP-M-HW-9-1/0025',9,1,3,'Available','Hardware','2026-03-01',NULL,200.00,3,'2026-02-28 20:24:53','2026-02-28 20:24:53'),(105,'HP Linux',2,NULL,'HP-L-HW-1-1/0001',1,1,2,'Assigned','Hardware','2026-03-01',NULL,79999.00,3,'2026-02-28 20:30:41','2026-03-02 15:52:32'),(106,'HP Linux',2,NULL,'HP-L-HW-1-1/0002',1,1,NULL,'Assigned','Hardware','2026-03-01',NULL,79999.00,3,'2026-02-28 20:30:41','2026-03-07 03:36:48'),(107,'HP Linux',2,NULL,'HP-L-HW-1-1/0003',1,1,NULL,'Assigned','Hardware','2026-03-01',NULL,79999.00,3,'2026-02-28 20:30:41','2026-03-07 03:36:48'),(108,'HP Linux',2,NULL,'HP-L-HW-1-1/0004',1,1,3,'Available','Hardware','2026-03-01',NULL,79999.00,3,'2026-02-28 20:30:41','2026-02-28 21:24:20'),(109,'HP Linux',2,NULL,'HP-L-HW-1-1/0005',1,1,3,'Available','Hardware','2026-03-01',NULL,79999.00,3,'2026-02-28 20:30:41','2026-02-28 21:24:20'),(175,'HP Keyboard',2,NULL,'HP-K-HW-9-1/0026',9,1,2,'Available','Hardware','2026-03-01',NULL,150.00,3,'2026-02-28 20:44:08','2026-02-28 20:44:08'),(176,'HP Keyboard',2,NULL,'HP-K-HW-9-1/0027',9,1,2,'Available','Hardware','2026-03-01',NULL,150.00,3,'2026-02-28 20:44:08','2026-02-28 20:44:08'),(177,'HP Keyboard',2,NULL,'HP-K-HW-9-1/0028',9,1,2,'Available','Hardware','2026-03-01',NULL,150.00,3,'2026-02-28 20:44:08','2026-02-28 20:44:08'),(178,'HP Keyboard',2,NULL,'HP-K-HW-9-1/0029',9,1,2,'Available','Hardware','2026-03-01',NULL,150.00,3,'2026-02-28 20:44:08','2026-02-28 20:44:08'),(179,'HP Keyboard',2,NULL,'HP-K-HW-9-1/0030',9,1,2,'Available','Hardware','2026-03-01',NULL,150.00,3,'2026-02-28 20:44:08','2026-02-28 20:44:08'),(180,'HP Keyboard',2,NULL,'HP-K-HW-9-1/0031',9,1,2,'Available','Hardware','2026-03-01',NULL,150.00,3,'2026-02-28 20:44:08','2026-02-28 20:44:08'),(181,'HP Keyboard',2,NULL,'HP-K-HW-9-1/0032',9,1,2,'Available','Hardware','2026-03-01',NULL,150.00,3,'2026-02-28 20:44:08','2026-02-28 20:44:08'),(182,'HP Keyboard',2,NULL,'HP-K-HW-9-1/0033',9,1,2,'Available','Hardware','2026-03-01',NULL,150.00,3,'2026-02-28 20:44:08','2026-02-28 20:44:08'),(183,'HP Keyboard',2,NULL,'HP-K-HW-9-1/0034',9,1,2,'Available','Hardware','2026-03-01',NULL,150.00,3,'2026-02-28 20:44:08','2026-02-28 20:44:08'),(184,'HP Keyboard',2,NULL,'HP-K-HW-9-1/0035',9,1,2,'Available','Hardware','2026-03-01',NULL,150.00,3,'2026-02-28 20:44:08','2026-02-28 20:44:08'),(185,'HP Keyboard',2,NULL,'HP-K-HW-9-1/0036',9,1,3,'Available','Hardware','2026-03-01',NULL,150.00,3,'2026-02-28 20:44:08','2026-02-28 22:25:15'),(215,'HP Windows',2,NULL,'HP-W-HW-1-1/0026',1,1,2,'Available','Hardware','2026-03-01',NULL,45999.00,3,'2026-02-28 22:05:43','2026-02-28 22:05:43'),(216,'HP Windows',2,NULL,'HP-W-HW-1-1/0027',1,1,2,'Available','Hardware','2026-03-01',NULL,45999.00,3,'2026-02-28 22:05:43','2026-02-28 22:05:43'),(217,'HP Windows',2,NULL,'HP-W-HW-1-1/0028',1,1,2,'Available','Hardware','2026-03-01',NULL,45999.00,3,'2026-02-28 22:05:43','2026-02-28 22:05:43'),(218,'HP Windows',2,NULL,'HP-W-HW-1-1/0029',1,1,2,'Available','Hardware','2026-03-01',NULL,45999.00,3,'2026-02-28 22:05:43','2026-02-28 22:05:43'),(219,'HP Windows',2,NULL,'HP-W-HW-1-1/0030',1,1,2,'Available','Hardware','2026-03-01',NULL,45999.00,3,'2026-02-28 22:06:52','2026-02-28 22:07:24'),(220,'HP Monitor',2,NULL,'HP-M-HW-4-1/0021',4,1,2,'Available','Hardware','2026-03-01',NULL,9999.00,3,'2026-02-28 22:10:15','2026-02-28 22:10:15'),(221,'HP Monitor',2,NULL,'HP-M-HW-4-1/0022',4,1,2,'Available','Hardware','2026-03-01',NULL,9999.00,3,'2026-02-28 22:10:15','2026-02-28 22:10:15'),(222,'HP Monitor',2,NULL,'HP-M-HW-4-1/0023',4,1,2,'Available','Hardware','2026-03-01',NULL,9999.00,3,'2026-02-28 22:10:15','2026-02-28 22:10:15'),(223,'HP Monitor',2,NULL,'HP-M-HW-4-1/0024',4,1,2,'Available','Hardware','2026-03-01',NULL,9999.00,3,'2026-02-28 22:10:15','2026-02-28 22:10:15'),(224,'HP Monitor',2,NULL,'HP-M-HW-4-1/0025',4,1,2,'Available','Hardware','2026-03-01',NULL,9999.00,3,'2026-02-28 22:10:15','2026-02-28 22:10:15'),(225,'HP Monitor',2,NULL,'HP-M-HW-4-1/0026',4,1,2,'Available','Hardware','2026-03-01',NULL,9999.00,3,'2026-02-28 22:10:15','2026-02-28 22:10:15'),(226,'HP Monitor',2,NULL,'HP-M-HW-4-1/0027',4,1,2,'Available','Hardware','2026-03-01',NULL,9999.00,3,'2026-02-28 22:10:15','2026-02-28 22:10:15'),(227,'HP Monitor',2,NULL,'HP-M-HW-4-1/0028',4,1,2,'Available','Hardware','2026-03-01',NULL,9999.00,3,'2026-02-28 22:10:15','2026-02-28 22:10:15'),(228,'HP Monitor',2,NULL,'HP-M-HW-4-1/0029',4,1,2,'Available','Hardware','2026-03-01',NULL,9999.00,3,'2026-02-28 22:10:15','2026-02-28 22:10:15'),(229,'HP Mouse',2,NULL,'HP-M-HW-9-1/0026',9,1,2,'Available','Hardware','2026-03-01',NULL,200.00,3,'2026-02-28 22:19:58','2026-02-28 22:19:58'),(230,'HP Mouse',2,NULL,'HP-M-HW-9-1/0027',9,1,2,'Available','Hardware','2026-03-01',NULL,200.00,3,'2026-02-28 22:19:58','2026-02-28 22:19:58'),(231,'HP Mouse',2,NULL,'HP-M-HW-9-1/0028',9,1,2,'Available','Hardware','2026-03-01',NULL,200.00,3,'2026-02-28 22:19:58','2026-02-28 22:19:58'),(232,'HP Mouse',2,NULL,'HP-M-HW-9-1/0029',9,1,2,'Available','Hardware','2026-03-01',NULL,200.00,3,'2026-02-28 22:19:58','2026-02-28 22:19:58'),(233,'HP Mouse',2,NULL,'HP-M-HW-9-1/0030',9,1,2,'Available','Hardware','2026-03-01',NULL,200.00,3,'2026-02-28 22:19:58','2026-02-28 22:19:58'),(234,'HP Mouse',2,NULL,'HP-M-HW-9-1/0031',9,1,2,'Available','Hardware','2026-03-01',NULL,200.00,3,'2026-02-28 22:19:58','2026-02-28 22:19:58'),(235,'HP Mouse',2,NULL,'HP-M-HW-9-1/0032',9,1,2,'Available','Hardware','2026-03-01',NULL,200.00,3,'2026-02-28 22:19:58','2026-02-28 22:19:58'),(236,'HP Mouse',2,NULL,'HP-M-HW-9-1/0033',9,1,2,'Available','Hardware','2026-03-01',NULL,200.00,3,'2026-02-28 22:19:58','2026-02-28 22:19:58'),(237,'HP Mouse',2,NULL,'HP-M-HW-9-1/0034',9,1,2,'Available','Hardware','2026-03-01',NULL,200.00,3,'2026-02-28 22:19:58','2026-02-28 22:19:58'),(238,'HP Mouse',2,NULL,'HP-M-HW-9-1/0035',9,1,2,'Available','Hardware','2026-03-01',NULL,200.00,3,'2026-02-28 22:19:58','2026-02-28 22:19:58'),(239,'HP Mouse',2,NULL,'HP-M-HW-9-1/0036',9,1,3,'Available','Hardware','2026-03-01',NULL,200.00,3,'2026-02-28 22:20:37','2026-02-28 22:20:37'),(240,'HP Mouse',2,NULL,'HP-M-HW-9-1/0037',9,1,3,'Available','Hardware','2026-03-01',NULL,200.00,3,'2026-02-28 22:20:37','2026-02-28 22:20:37'),(241,'HP Mouse',2,NULL,'HP-M-HW-9-1/0038',9,1,3,'Available','Hardware','2026-03-01',NULL,200.00,3,'2026-02-28 22:20:37','2026-02-28 22:20:37'),(242,'HP Keyboard',2,NULL,'HP-K-HW-9-1/0037',9,1,3,'Available','Hardware','2026-03-01',NULL,150.00,3,'2026-02-28 22:25:58','2026-02-28 22:25:58'),(243,'HP Keyboard',2,NULL,'HP-K-HW-9-1/0038',9,1,3,'Available','Hardware','2026-03-01',NULL,150.00,3,'2026-02-28 22:25:58','2026-02-28 22:25:58'),(244,'HP Linux',2,NULL,'HP-L-HW-1-1/0006',1,1,3,'Available','Hardware','2026-03-01',NULL,79999.00,3,'2026-02-28 22:28:09','2026-02-28 22:28:09'),(245,'HP Linux',2,NULL,'HP-L-HW-1-1/0007',1,1,3,'Available','Hardware','2026-03-01',NULL,79999.00,3,'2026-02-28 22:28:09','2026-02-28 22:28:09'),(246,'HP Linux',2,NULL,'HP-L-HW-1-1/0008',1,1,3,'Available','Hardware','2026-03-01',NULL,79999.00,3,'2026-02-28 22:28:09','2026-02-28 22:28:09'),(247,'HP Monitor',2,NULL,'HP-M-HW-4-1/0030',4,1,2,'Available','Hardware','2026-03-01',NULL,9999.00,3,'2026-02-28 22:29:56','2026-02-28 22:29:56'),(248,'HP Monitor',2,NULL,'HP-M-HW-4-1/0031',4,1,3,'Available','Hardware','2026-03-01',NULL,9999.00,3,'2026-02-28 22:30:36','2026-02-28 22:30:36'),(249,'HP Monitor',2,NULL,'HP-M-HW-4-1/0032',4,1,3,'Available','Hardware','2026-03-01',NULL,9999.00,3,'2026-02-28 22:30:36','2026-02-28 22:30:36'),(250,'HP Monitor',2,NULL,'HP-M-HW-4-1/0033',4,1,3,'Available','Hardware','2026-03-01',NULL,9999.00,3,'2026-02-28 22:30:36','2026-02-28 22:30:36'),(251,'HP Victus 2050',2,'Supplied by vendor for PO #2','HP-V2-HW-0-0/0001',NULL,NULL,NULL,'Available','Hardware','2026-03-02','2027-03-21',NULL,2,'2026-03-02 07:22:26','2026-03-02 07:22:26'),(252,'HP Victus 2050',2,'Supplied by vendor for PO #2','HP-V2-HW-0-0/0002',NULL,NULL,NULL,'Available','Hardware','2026-03-02','2027-03-21',NULL,2,'2026-03-02 07:22:26','2026-03-02 07:22:26'),(253,'HP Victus 2050',2,'Supplied by vendor for PO #2','HP-V2-HW-0-0/0003',NULL,NULL,NULL,'Available','Hardware','2026-03-02','2027-03-21',NULL,2,'2026-03-02 07:22:26','2026-03-02 07:22:26'),(254,'HP Victus 2050',2,'Supplied by vendor for PO #2','HP-V2-HW-0-0/0004',NULL,NULL,NULL,'Available','Hardware','2026-03-02','2027-03-21',NULL,2,'2026-03-02 07:22:26','2026-03-02 07:22:26'),(255,'HP Victus 2050',2,'Supplied by vendor for PO #2','HP-V2-HW-0-0/0005',NULL,NULL,NULL,'Available','Hardware','2026-03-02','2027-03-21',NULL,2,'2026-03-02 07:22:26','2026-03-02 07:22:26'),(256,'HP Victus 2050',2,'Supplied by vendor for PO #2','HP-V2-HW-0-0/0006',NULL,NULL,NULL,'Available','Hardware','2026-03-02','2027-03-21',NULL,2,'2026-03-02 16:25:07','2026-03-02 16:25:07'),(257,'HP Victus 2050',2,'Supplied by vendor for PO #2','HP-V2-HW-0-0/0007',NULL,NULL,NULL,'Available','Hardware','2026-03-02','2027-03-21',NULL,2,'2026-03-02 16:25:07','2026-03-02 16:25:07'),(258,'HP Victus 2050',2,'Supplied by vendor for PO #2','HP-V2-HW-0-0/0008',NULL,NULL,NULL,'Available','Hardware','2026-03-02','2027-03-21',NULL,2,'2026-03-02 16:25:07','2026-03-02 16:25:07'),(259,'HP Victus 2050',2,'Supplied by vendor for PO #2','HP-V2-HW-0-0/0009',NULL,NULL,NULL,'Available','Hardware','2026-03-02','2027-03-21',NULL,2,'2026-03-02 16:25:07','2026-03-02 16:25:07'),(260,'HP Victus 2050',2,'Supplied by vendor for PO #2','HP-V2-HW-0-0/0010',NULL,NULL,NULL,'Available','Hardware','2026-03-02','2027-03-21',NULL,2,'2026-03-02 16:25:07','2026-03-02 16:25:07'),(261,'Sendisk USB 512GB',2,'Supplied by vendor for PO #6','SENDISK-U5-HW-0-0/0001',NULL,NULL,NULL,'Available','Hardware','2026-03-02','2026-03-02',NULL,2,'2026-03-02 17:22:17','2026-03-02 17:22:17'),(262,'Sendisk USB 512GB',2,'Supplied by vendor for PO #6','SENDISK-U5-HW-0-0/0002',NULL,NULL,NULL,'Available','Hardware','2026-03-02','2026-03-02',NULL,2,'2026-03-02 17:22:17','2026-03-02 17:22:17'),(263,'Sendisk USB 512GB',2,'Supplied by vendor for PO #6','SENDISK-U5-HW-0-0/0003',NULL,NULL,NULL,'Available','Hardware','2026-03-02','2026-03-02',NULL,2,'2026-03-02 17:22:17','2026-03-02 17:22:17'),(264,'Sendisk USB 512GB',2,'Supplied by vendor for PO #6','SENDISK-U5-HW-0-0/0004',NULL,NULL,NULL,'Available','Hardware','2026-03-02','2026-03-02',NULL,2,'2026-03-02 17:22:17','2026-03-02 17:22:17'),(265,'Sendisk USB 512GB',2,'Supplied by vendor for PO #6','SENDISK-U5-HW-0-0/0005',NULL,NULL,NULL,'Available','Hardware','2026-03-02','2026-03-02',NULL,2,'2026-03-02 17:22:17','2026-03-02 17:22:17'),(266,'Sendisk USB 512GB',2,'Supplied by vendor for PO #6','SENDISK-U5-HW-0-0/0006',NULL,NULL,NULL,'Available','Hardware','2026-03-02','2026-03-02',NULL,2,'2026-03-02 17:22:17','2026-03-02 17:22:17'),(267,'Sendisk USB 512GB',2,'Supplied by vendor for PO #6','SENDISK-U5-HW-0-0/0007',NULL,NULL,NULL,'Available','Hardware','2026-03-02','2026-03-02',NULL,2,'2026-03-02 17:22:17','2026-03-02 17:22:17'),(268,'Sendisk USB 512GB',2,'Supplied by vendor for PO #6','SENDISK-U5-HW-0-0/0008',NULL,NULL,NULL,'Available','Hardware','2026-03-02','2026-03-02',NULL,2,'2026-03-02 17:22:17','2026-03-02 17:22:17'),(269,'Sendisk USB 512GB',2,'Supplied by vendor for PO #6','SENDISK-U5-HW-0-0/0009',NULL,NULL,NULL,'Available','Hardware','2026-03-02','2026-03-02',NULL,2,'2026-03-02 17:22:17','2026-03-02 17:22:17'),(270,'Sendisk USB 512GB',2,'Supplied by vendor for PO #6','SENDISK-U5-HW-0-0/0010',NULL,NULL,NULL,'Available','Hardware','2026-03-02','2026-03-02',NULL,2,'2026-03-02 17:22:17','2026-03-02 17:22:17'),(271,'Sendisk USB 512GB',2,'Supplied by vendor for PO #6','SENDISK-U5-HW-0-0/0011',NULL,NULL,NULL,'Available','Hardware','2026-03-02','2026-03-02',NULL,2,'2026-03-02 17:22:17','2026-03-02 17:22:17'),(272,'Sendisk USB 512GB',2,'Supplied by vendor for PO #6','SENDISK-U5-HW-0-0/0012',NULL,NULL,NULL,'Available','Hardware','2026-03-02','2026-03-02',NULL,2,'2026-03-02 17:22:17','2026-03-02 17:22:17'),(273,'Sendisk USB 512GB',2,'Supplied by vendor for PO #6','SENDISK-U5-HW-0-0/0013',NULL,NULL,NULL,'Available','Hardware','2026-03-02','2026-03-02',NULL,2,'2026-03-02 17:22:17','2026-03-02 17:22:17'),(274,'Sendisk USB 512GB',2,'Supplied by vendor for PO #6','SENDISK-U5-HW-0-0/0014',NULL,NULL,NULL,'Available','Hardware','2026-03-02','2026-03-02',NULL,2,'2026-03-02 17:22:17','2026-03-02 17:22:17'),(275,'Sendisk USB 512GB',2,'Supplied by vendor for PO #6','SENDISK-U5-HW-0-0/0015',NULL,NULL,NULL,'Available','Hardware','2026-03-02','2026-03-02',NULL,2,'2026-03-02 17:22:17','2026-03-02 17:22:17'),(276,'Sendisk USB 512GB',2,'Supplied by vendor for PO #6','SENDISK-U5-HW-0-0/0016',NULL,NULL,NULL,'Available','Hardware','2026-03-02','2026-03-02',NULL,2,'2026-03-02 17:22:17','2026-03-02 17:22:17'),(277,'Sendisk USB 512GB',2,'Supplied by vendor for PO #6','SENDISK-U5-HW-0-0/0017',NULL,NULL,NULL,'Available','Hardware','2026-03-02','2026-03-02',NULL,2,'2026-03-02 17:22:17','2026-03-02 17:22:17'),(278,'Sendisk USB 512GB',2,'Supplied by vendor for PO #6','SENDISK-U5-HW-0-0/0018',NULL,NULL,NULL,'Available','Hardware','2026-03-02','2026-03-02',NULL,2,'2026-03-02 17:22:17','2026-03-02 17:22:17'),(279,'Sendisk USB 512GB',2,'Supplied by vendor for PO #6','SENDISK-U5-HW-0-0/0019',NULL,NULL,NULL,'Available','Hardware','2026-03-02','2026-03-02',NULL,2,'2026-03-02 17:22:17','2026-03-02 17:22:17'),(280,'Sendisk USB 512GB',2,'Supplied by vendor for PO #6','SENDISK-U5-HW-0-0/0020',NULL,NULL,NULL,'Available','Hardware','2026-03-02','2026-03-02',NULL,2,'2026-03-02 17:22:17','2026-03-02 17:22:17'),(281,'Sendisk USB 512GB',2,'Supplied by vendor for PO #6','SENDISK-U5-HW-0-0/0021',NULL,NULL,NULL,'Available','Hardware','2026-03-02','2026-03-02',NULL,2,'2026-03-02 17:22:17','2026-03-02 17:22:17'),(282,'Sendisk USB 512GB',2,'Supplied by vendor for PO #6','SENDISK-U5-HW-0-0/0022',NULL,NULL,NULL,'Available','Hardware','2026-03-02','2026-03-02',NULL,2,'2026-03-02 17:22:17','2026-03-02 17:22:17'),(283,'Sendisk USB 512GB',2,'Supplied by vendor for PO #6','SENDISK-U5-HW-0-0/0023',NULL,NULL,NULL,'Available','Hardware','2026-03-02','2026-03-02',NULL,2,'2026-03-02 17:22:17','2026-03-02 17:22:17'),(284,'Sendisk USB 512GB',2,'Supplied by vendor for PO #6','SENDISK-U5-HW-0-0/0024',NULL,NULL,NULL,'Available','Hardware','2026-03-02','2026-03-02',NULL,2,'2026-03-02 17:22:17','2026-03-02 17:22:17'),(285,'Sendisk USB 512GB',2,'Supplied by vendor for PO #6','SENDISK-U5-HW-0-0/0025',NULL,NULL,NULL,'Available','Hardware','2026-03-02','2026-03-02',NULL,2,'2026-03-02 17:22:17','2026-03-02 17:22:17'),(286,'Sendisk USB 512GB',2,'Supplied by vendor for PO #6','SENDISK-U5-HW-0-0/0026',NULL,NULL,NULL,'Available','Hardware','2026-03-02','2026-03-02',NULL,2,'2026-03-02 17:22:17','2026-03-02 17:22:17'),(287,'Sendisk USB 512GB',2,'Supplied by vendor for PO #6','SENDISK-U5-HW-0-0/0027',NULL,NULL,NULL,'Available','Hardware','2026-03-02','2026-03-02',NULL,2,'2026-03-02 17:22:17','2026-03-02 17:22:17'),(288,'Sendisk USB 512GB',2,'Supplied by vendor for PO #6','SENDISK-U5-HW-0-0/0028',NULL,NULL,NULL,'Available','Hardware','2026-03-02','2026-03-02',NULL,2,'2026-03-02 17:22:17','2026-03-02 17:22:17'),(289,'Sendisk USB 512GB',2,'Supplied by vendor for PO #6','SENDISK-U5-HW-0-0/0029',NULL,NULL,NULL,'Available','Hardware','2026-03-02','2026-03-02',NULL,2,'2026-03-02 17:22:17','2026-03-02 17:22:17'),(290,'Sendisk USB 512GB',2,'Supplied by vendor for PO #6','SENDISK-U5-HW-0-0/0030',NULL,NULL,NULL,'Available','Hardware','2026-03-02','2026-03-02',NULL,2,'2026-03-02 17:22:17','2026-03-02 17:22:17'),(291,'Sendisk USB 512GB',2,'Supplied by vendor for PO #6','SENDISK-U5-HW-0-0/0031',NULL,NULL,NULL,'Available','Hardware','2026-03-02','2026-03-02',NULL,2,'2026-03-02 17:22:17','2026-03-02 17:22:17'),(292,'Sendisk USB 512GB',2,'Supplied by vendor for PO #6','SENDISK-U5-HW-0-0/0032',NULL,NULL,NULL,'Available','Hardware','2026-03-02','2026-03-02',NULL,2,'2026-03-02 17:22:17','2026-03-02 17:22:17'),(293,'Sendisk USB 512GB',2,'Supplied by vendor for PO #6','SENDISK-U5-HW-0-0/0033',NULL,NULL,NULL,'Available','Hardware','2026-03-02','2026-03-02',NULL,2,'2026-03-02 17:22:17','2026-03-02 17:22:17'),(294,'Sendisk USB 512GB',2,'Supplied by vendor for PO #6','SENDISK-U5-HW-0-0/0034',NULL,NULL,NULL,'Available','Hardware','2026-03-02','2026-03-02',NULL,2,'2026-03-02 17:22:17','2026-03-02 17:22:17'),(295,'Sendisk USB 512GB',2,'Supplied by vendor for PO #6','SENDISK-U5-HW-0-0/0035',NULL,NULL,NULL,'Available','Hardware','2026-03-02','2026-03-02',NULL,2,'2026-03-02 17:22:17','2026-03-02 17:22:17'),(296,'Sendisk USB 512GB',2,'Supplied by vendor for PO #6','SENDISK-U5-HW-0-0/0036',NULL,NULL,NULL,'Available','Hardware','2026-03-02','2026-03-02',NULL,2,'2026-03-02 17:22:17','2026-03-02 17:22:17'),(297,'Sendisk USB 512GB',2,'Supplied by vendor for PO #6','SENDISK-U5-HW-0-0/0037',NULL,NULL,NULL,'Available','Hardware','2026-03-02','2026-03-02',NULL,2,'2026-03-02 17:22:17','2026-03-02 17:22:17'),(298,'Sendisk USB 512GB',2,'Supplied by vendor for PO #6','SENDISK-U5-HW-0-0/0038',NULL,NULL,NULL,'Available','Hardware','2026-03-02','2026-03-02',NULL,2,'2026-03-02 17:22:17','2026-03-02 17:22:17'),(299,'Sendisk USB 512GB',2,'Supplied by vendor for PO #6','SENDISK-U5-HW-0-0/0039',NULL,NULL,NULL,'Available','Hardware','2026-03-02','2026-03-02',NULL,2,'2026-03-02 17:22:17','2026-03-02 17:22:17'),(300,'Sendisk USB 512GB',2,'Supplied by vendor for PO #6','SENDISK-U5-HW-0-0/0040',NULL,NULL,NULL,'Available','Hardware','2026-03-02','2026-03-02',NULL,2,'2026-03-02 17:22:17','2026-03-02 17:22:17'),(301,'Sendisk USB 512GB',2,'Supplied by vendor for PO #6','SENDISK-U5-HW-0-0/0041',NULL,NULL,NULL,'Available','Hardware','2026-03-02','2026-03-02',NULL,2,'2026-03-02 17:22:17','2026-03-02 17:22:17'),(302,'Sendisk USB 512GB',2,'Supplied by vendor for PO #6','SENDISK-U5-HW-0-0/0042',NULL,NULL,NULL,'Available','Hardware','2026-03-02','2026-03-02',NULL,2,'2026-03-02 17:22:17','2026-03-02 17:22:17'),(303,'Sendisk USB 512GB',2,'Supplied by vendor for PO #6','SENDISK-U5-HW-0-0/0043',NULL,NULL,NULL,'Available','Hardware','2026-03-02','2026-03-02',NULL,2,'2026-03-02 17:22:17','2026-03-02 17:22:17'),(304,'Sendisk USB 512GB',2,'Supplied by vendor for PO #6','SENDISK-U5-HW-0-0/0044',NULL,NULL,NULL,'Available','Hardware','2026-03-02','2026-03-02',NULL,2,'2026-03-02 17:22:17','2026-03-02 17:22:17'),(305,'Sendisk USB 512GB',2,'Supplied by vendor for PO #6','SENDISK-U5-HW-0-0/0045',NULL,NULL,NULL,'Available','Hardware','2026-03-02','2026-03-02',NULL,2,'2026-03-02 17:22:17','2026-03-02 17:22:17'),(306,'Sendisk USB 512GB',2,'Supplied by vendor for PO #6','SENDISK-U5-HW-0-0/0046',NULL,NULL,NULL,'Available','Hardware','2026-03-02','2026-03-02',NULL,2,'2026-03-02 17:22:17','2026-03-02 17:22:17'),(307,'Sendisk USB 512GB',2,'Supplied by vendor for PO #6','SENDISK-U5-HW-0-0/0047',NULL,NULL,NULL,'Available','Hardware','2026-03-02','2026-03-02',NULL,2,'2026-03-02 17:22:17','2026-03-02 17:22:17'),(308,'Sendisk USB 512GB',2,'Supplied by vendor for PO #6','SENDISK-U5-HW-0-0/0048',NULL,NULL,NULL,'Available','Hardware','2026-03-02','2026-03-02',NULL,2,'2026-03-02 17:22:17','2026-03-02 17:22:17'),(309,'Sendisk USB 512GB',2,'Supplied by vendor for PO #6','SENDISK-U5-HW-0-0/0049',NULL,NULL,NULL,'Available','Hardware','2026-03-02','2026-03-02',NULL,2,'2026-03-02 17:22:17','2026-03-02 17:22:17'),(310,'Sendisk USB 512GB',2,'Supplied by vendor for PO #6','SENDISK-U5-HW-0-0/0050',NULL,NULL,NULL,'Available','Hardware','2026-03-02','2026-03-02',NULL,2,'2026-03-02 17:22:17','2026-03-02 17:22:17'),(311,'Sendisk USB 512GB',2,'Supplied by vendor for PO #6','SENDISK-U5-HW-0-0/0051',NULL,NULL,NULL,'Available','Hardware','2026-03-02','2026-03-02',NULL,2,'2026-03-02 17:22:17','2026-03-02 17:22:17'),(312,'Sendisk USB 512GB',2,'Supplied by vendor for PO #6','SENDISK-U5-HW-0-0/0052',NULL,NULL,NULL,'Available','Hardware','2026-03-02','2026-03-02',NULL,2,'2026-03-02 17:22:17','2026-03-02 17:22:17'),(313,'Sendisk USB 512GB',2,'Supplied by vendor for PO #6','SENDISK-U5-HW-0-0/0053',NULL,NULL,NULL,'Available','Hardware','2026-03-02','2026-03-02',NULL,2,'2026-03-02 17:22:17','2026-03-02 17:22:17'),(314,'Sendisk USB 512GB',2,'Supplied by vendor for PO #6','SENDISK-U5-HW-0-0/0054',NULL,NULL,NULL,'Available','Hardware','2026-03-02','2026-03-02',NULL,2,'2026-03-02 17:22:17','2026-03-02 17:22:17'),(315,'Sendisk USB 512GB',2,'Supplied by vendor for PO #6','SENDISK-U5-HW-0-0/0055',NULL,NULL,NULL,'Available','Hardware','2026-03-02','2026-03-02',NULL,2,'2026-03-02 17:22:17','2026-03-02 17:22:17'),(316,'Sendisk USB 512GB',2,'Supplied by vendor for PO #6','SENDISK-U5-HW-0-0/0056',NULL,NULL,NULL,'Available','Hardware','2026-03-02','2026-03-02',NULL,2,'2026-03-02 17:22:17','2026-03-02 17:22:17'),(317,'Sendisk USB 512GB',2,'Supplied by vendor for PO #6','SENDISK-U5-HW-0-0/0057',NULL,NULL,NULL,'Available','Hardware','2026-03-02','2026-03-02',NULL,2,'2026-03-02 17:22:17','2026-03-02 17:22:17'),(318,'Sendisk USB 512GB',2,'Supplied by vendor for PO #6','SENDISK-U5-HW-0-0/0058',NULL,NULL,NULL,'Available','Hardware','2026-03-02','2026-03-02',NULL,2,'2026-03-02 17:22:17','2026-03-02 17:22:17'),(319,'Sendisk USB 512GB',2,'Supplied by vendor for PO #6','SENDISK-U5-HW-0-0/0059',NULL,NULL,NULL,'Available','Hardware','2026-03-02','2026-03-02',NULL,2,'2026-03-02 17:22:17','2026-03-02 17:22:17'),(320,'Sendisk USB 512GB',2,'Supplied by vendor for PO #6','SENDISK-U5-HW-0-0/0060',NULL,NULL,NULL,'Available','Hardware','2026-03-02','2026-03-02',NULL,2,'2026-03-02 17:22:17','2026-03-02 17:22:17'),(321,'Sendisk USB 512GB',2,'Supplied by vendor for PO #6','SENDISK-U5-HW-0-0/0061',NULL,NULL,NULL,'Available','Hardware','2026-03-02','2026-03-02',NULL,2,'2026-03-02 17:22:17','2026-03-02 17:22:17'),(322,'Sendisk USB 512GB',2,'Supplied by vendor for PO #6','SENDISK-U5-HW-0-0/0062',NULL,NULL,NULL,'Available','Hardware','2026-03-02','2026-03-02',NULL,2,'2026-03-02 17:22:17','2026-03-02 17:22:17'),(323,'Sendisk USB 512GB',2,'Supplied by vendor for PO #6','SENDISK-U5-HW-0-0/0063',NULL,NULL,NULL,'Available','Hardware','2026-03-02','2026-03-02',NULL,2,'2026-03-02 17:22:17','2026-03-02 17:22:17'),(324,'Sendisk USB 512GB',2,'Supplied by vendor for PO #6','SENDISK-U5-HW-0-0/0064',NULL,NULL,NULL,'Available','Hardware','2026-03-02','2026-03-02',NULL,2,'2026-03-02 17:22:17','2026-03-02 17:22:17'),(325,'Sendisk USB 512GB',2,'Supplied by vendor for PO #6','SENDISK-U5-HW-0-0/0065',NULL,NULL,NULL,'Available','Hardware','2026-03-02','2026-03-02',NULL,2,'2026-03-02 17:22:17','2026-03-02 17:22:17'),(326,'Sendisk USB 512GB',2,'Supplied by vendor for PO #6','SENDISK-U5-HW-0-0/0066',NULL,NULL,NULL,'Available','Hardware','2026-03-02','2026-03-02',NULL,2,'2026-03-02 17:22:17','2026-03-02 17:22:17'),(327,'Sendisk USB 512GB',2,'Supplied by vendor for PO #6','SENDISK-U5-HW-0-0/0067',NULL,NULL,NULL,'Available','Hardware','2026-03-02','2026-03-02',NULL,2,'2026-03-02 17:22:17','2026-03-02 17:22:17'),(328,'Sendisk USB 512GB',2,'Supplied by vendor for PO #6','SENDISK-U5-HW-0-0/0068',NULL,NULL,NULL,'Available','Hardware','2026-03-02','2026-03-02',NULL,2,'2026-03-02 17:22:17','2026-03-02 17:22:17'),(329,'Sendisk USB 512GB',2,'Supplied by vendor for PO #6','SENDISK-U5-HW-0-0/0069',NULL,NULL,NULL,'Available','Hardware','2026-03-02','2026-03-02',NULL,2,'2026-03-02 17:22:17','2026-03-02 17:22:17'),(330,'Sendisk USB 512GB',2,'Supplied by vendor for PO #6','SENDISK-U5-HW-0-0/0070',NULL,NULL,NULL,'Available','Hardware','2026-03-02','2026-03-02',NULL,2,'2026-03-02 17:22:17','2026-03-02 17:22:17'),(331,'Sendisk USB 512GB',2,'Supplied by vendor for PO #6','SENDISK-U5-HW-0-0/0071',NULL,NULL,NULL,'Available','Hardware','2026-03-02','2026-03-02',NULL,2,'2026-03-02 17:22:17','2026-03-02 17:22:17'),(332,'Sendisk USB 512GB',2,'Supplied by vendor for PO #6','SENDISK-U5-HW-0-0/0072',NULL,NULL,NULL,'Available','Hardware','2026-03-02','2026-03-02',NULL,2,'2026-03-02 17:22:17','2026-03-02 17:22:17'),(333,'Sendisk USB 512GB',2,'Supplied by vendor for PO #6','SENDISK-U5-HW-0-0/0073',NULL,NULL,NULL,'Available','Hardware','2026-03-02','2026-03-02',NULL,2,'2026-03-02 17:22:17','2026-03-02 17:22:17'),(334,'Sendisk USB 512GB',2,'Supplied by vendor for PO #6','SENDISK-U5-HW-0-0/0074',NULL,NULL,NULL,'Available','Hardware','2026-03-02','2026-03-02',NULL,2,'2026-03-02 17:22:17','2026-03-02 17:22:17'),(335,'Sendisk USB 512GB',2,'Supplied by vendor for PO #6','SENDISK-U5-HW-0-0/0075',NULL,NULL,NULL,'Available','Hardware','2026-03-02','2026-03-02',NULL,2,'2026-03-02 17:22:17','2026-03-02 17:22:17'),(336,'Sendisk USB 512GB',2,'Supplied by vendor for PO #6','SENDISK-U5-HW-0-0/0076',NULL,NULL,NULL,'Available','Hardware','2026-03-02','2026-03-02',NULL,2,'2026-03-02 17:22:17','2026-03-02 17:22:17'),(337,'Sendisk USB 512GB',2,'Supplied by vendor for PO #6','SENDISK-U5-HW-0-0/0077',NULL,NULL,NULL,'Available','Hardware','2026-03-02','2026-03-02',NULL,2,'2026-03-02 17:22:17','2026-03-02 17:22:17'),(338,'Sendisk USB 512GB',2,'Supplied by vendor for PO #6','SENDISK-U5-HW-0-0/0078',NULL,NULL,NULL,'Available','Hardware','2026-03-02','2026-03-02',NULL,2,'2026-03-02 17:22:17','2026-03-02 17:22:17'),(339,'Sendisk USB 512GB',2,'Supplied by vendor for PO #6','SENDISK-U5-HW-0-0/0079',NULL,NULL,NULL,'Available','Hardware','2026-03-02','2026-03-02',NULL,2,'2026-03-02 17:22:17','2026-03-02 17:22:17'),(340,'Sendisk USB 512GB',2,'Supplied by vendor for PO #6','SENDISK-U5-HW-0-0/0080',NULL,NULL,NULL,'Available','Hardware','2026-03-02','2026-03-02',NULL,2,'2026-03-02 17:22:17','2026-03-02 17:22:17'),(341,'Sendisk USB 512GB',2,'Supplied by vendor for PO #6','SENDISK-U5-HW-0-0/0081',NULL,NULL,NULL,'Available','Hardware','2026-03-02','2026-03-02',NULL,2,'2026-03-02 17:22:17','2026-03-02 17:22:17'),(342,'Sendisk USB 512GB',2,'Supplied by vendor for PO #6','SENDISK-U5-HW-0-0/0082',NULL,NULL,NULL,'Available','Hardware','2026-03-02','2026-03-02',NULL,2,'2026-03-02 17:22:17','2026-03-02 17:22:17'),(343,'Sendisk USB 512GB',2,'Supplied by vendor for PO #6','SENDISK-U5-HW-0-0/0083',NULL,NULL,NULL,'Available','Hardware','2026-03-02','2026-03-02',NULL,2,'2026-03-02 17:22:17','2026-03-02 17:22:17'),(344,'Sendisk USB 512GB',2,'Supplied by vendor for PO #6','SENDISK-U5-HW-0-0/0084',NULL,NULL,NULL,'Available','Hardware','2026-03-02','2026-03-02',NULL,2,'2026-03-02 17:22:17','2026-03-02 17:22:17'),(345,'Sendisk USB 512GB',2,'Supplied by vendor for PO #6','SENDISK-U5-HW-0-0/0085',NULL,NULL,NULL,'Available','Hardware','2026-03-02','2026-03-02',NULL,2,'2026-03-02 17:22:17','2026-03-02 17:22:17'),(346,'Sendisk USB 512GB',2,'Supplied by vendor for PO #6','SENDISK-U5-HW-0-0/0086',NULL,NULL,NULL,'Available','Hardware','2026-03-02','2026-03-02',NULL,2,'2026-03-02 17:22:17','2026-03-02 17:22:17'),(347,'Sendisk USB 512GB',2,'Supplied by vendor for PO #6','SENDISK-U5-HW-0-0/0087',NULL,NULL,NULL,'Available','Hardware','2026-03-02','2026-03-02',NULL,2,'2026-03-02 17:22:17','2026-03-02 17:22:17'),(348,'Sendisk USB 512GB',2,'Supplied by vendor for PO #6','SENDISK-U5-HW-0-0/0088',NULL,NULL,NULL,'Available','Hardware','2026-03-02','2026-03-02',NULL,2,'2026-03-02 17:22:17','2026-03-02 17:22:17'),(349,'Sendisk USB 512GB',2,'Supplied by vendor for PO #6','SENDISK-U5-HW-0-0/0089',NULL,NULL,NULL,'Available','Hardware','2026-03-02','2026-03-02',NULL,2,'2026-03-02 17:22:17','2026-03-02 17:22:17'),(350,'Sendisk USB 512GB',2,'Supplied by vendor for PO #6','SENDISK-U5-HW-0-0/0090',NULL,NULL,NULL,'Available','Hardware','2026-03-02','2026-03-02',NULL,2,'2026-03-02 17:22:17','2026-03-02 17:22:17'),(351,'Sendisk USB 512GB',2,'Supplied by vendor for PO #6','SENDISK-U5-HW-0-0/0091',NULL,NULL,NULL,'Available','Hardware','2026-03-02','2026-03-02',NULL,2,'2026-03-02 17:22:17','2026-03-02 17:22:17'),(352,'Sendisk USB 512GB',2,'Supplied by vendor for PO #6','SENDISK-U5-HW-0-0/0092',NULL,NULL,NULL,'Available','Hardware','2026-03-02','2026-03-02',NULL,2,'2026-03-02 17:22:17','2026-03-02 17:22:17'),(353,'Sendisk USB 512GB',2,'Supplied by vendor for PO #6','SENDISK-U5-HW-0-0/0093',NULL,NULL,NULL,'Available','Hardware','2026-03-02','2026-03-02',NULL,2,'2026-03-02 17:22:17','2026-03-02 17:22:17'),(354,'Sendisk USB 512GB',2,'Supplied by vendor for PO #6','SENDISK-U5-HW-0-0/0094',NULL,NULL,NULL,'Available','Hardware','2026-03-02','2026-03-02',NULL,2,'2026-03-02 17:22:17','2026-03-02 17:22:17'),(355,'Sendisk USB 512GB',2,'Supplied by vendor for PO #6','SENDISK-U5-HW-0-0/0095',NULL,NULL,NULL,'Available','Hardware','2026-03-02','2026-03-02',NULL,2,'2026-03-02 17:22:17','2026-03-02 17:22:17'),(356,'Sendisk USB 512GB',2,'Supplied by vendor for PO #6','SENDISK-U5-HW-0-0/0096',NULL,NULL,NULL,'Available','Hardware','2026-03-02','2026-03-02',NULL,2,'2026-03-02 17:22:17','2026-03-02 17:22:17'),(357,'Sendisk USB 512GB',2,'Supplied by vendor for PO #6','SENDISK-U5-HW-0-0/0097',NULL,NULL,NULL,'Available','Hardware','2026-03-02','2026-03-02',NULL,2,'2026-03-02 17:22:17','2026-03-02 17:22:17'),(358,'Sendisk USB 512GB',2,'Supplied by vendor for PO #6','SENDISK-U5-HW-0-0/0098',NULL,NULL,NULL,'Available','Hardware','2026-03-02','2026-03-02',NULL,2,'2026-03-02 17:22:17','2026-03-02 17:22:17'),(359,'Sendisk USB 512GB',2,'Supplied by vendor for PO #6','SENDISK-U5-HW-0-0/0099',NULL,NULL,NULL,'Available','Hardware','2026-03-02','2026-03-02',NULL,2,'2026-03-02 17:22:17','2026-03-02 17:22:17'),(360,'Sendisk USB 512GB',2,'Supplied by vendor for PO #6','SENDISK-U5-HW-0-0/0100',NULL,NULL,NULL,'Available','Hardware','2026-03-02','2026-03-02',NULL,2,'2026-03-02 17:22:17','2026-03-02 17:22:17'),(361,'Sendisk USB 512GB',2,'Supplied by vendor for PO #6','SENDISK-U5-HW-0-0/0101',NULL,NULL,NULL,'Available','Hardware','2026-03-02','2026-03-02',NULL,2,'2026-03-02 17:22:17','2026-03-02 17:22:17'),(362,'Sendisk USB 512GB',2,'Supplied by vendor for PO #6','SENDISK-U5-HW-0-0/0102',NULL,NULL,NULL,'Available','Hardware','2026-03-02','2026-03-02',NULL,2,'2026-03-02 17:22:17','2026-03-02 17:22:17'),(363,'Sendisk USB 512GB',2,'Supplied by vendor for PO #6','SENDISK-U5-HW-0-0/0103',NULL,NULL,NULL,'Available','Hardware','2026-03-02','2026-03-02',NULL,2,'2026-03-02 17:22:17','2026-03-02 17:22:17'),(364,'Sendisk USB 512GB',2,'Supplied by vendor for PO #6','SENDISK-U5-HW-0-0/0104',NULL,NULL,NULL,'Available','Hardware','2026-03-02','2026-03-02',NULL,2,'2026-03-02 17:22:17','2026-03-02 17:22:17'),(365,'Sendisk USB 512GB',2,'Supplied by vendor for PO #6','SENDISK-U5-HW-0-0/0105',NULL,NULL,NULL,'Available','Hardware','2026-03-02','2026-03-02',NULL,2,'2026-03-02 17:22:17','2026-03-02 17:22:17'),(366,'Sendisk USB 512GB',2,'Supplied by vendor for PO #6','SENDISK-U5-HW-0-0/0106',NULL,NULL,NULL,'Available','Hardware','2026-03-02','2026-03-02',NULL,2,'2026-03-02 17:22:17','2026-03-02 17:22:17'),(367,'Sendisk USB 512GB',2,'Supplied by vendor for PO #6','SENDISK-U5-HW-0-0/0107',NULL,NULL,NULL,'Available','Hardware','2026-03-02','2026-03-02',NULL,2,'2026-03-02 17:22:17','2026-03-02 17:22:17'),(368,'Sendisk USB 512GB',2,'Supplied by vendor for PO #6','SENDISK-U5-HW-0-0/0108',NULL,NULL,NULL,'Available','Hardware','2026-03-02','2026-03-02',NULL,2,'2026-03-02 17:22:17','2026-03-02 17:22:17'),(369,'Sendisk USB 512GB',2,'Supplied by vendor for PO #6','SENDISK-U5-HW-0-0/0109',NULL,NULL,NULL,'Available','Hardware','2026-03-02','2026-03-02',NULL,2,'2026-03-02 17:22:17','2026-03-02 17:22:17'),(370,'Sendisk USB 512GB',2,'Supplied by vendor for PO #6','SENDISK-U5-HW-0-0/0110',NULL,NULL,NULL,'Available','Hardware','2026-03-02','2026-03-02',NULL,2,'2026-03-02 17:22:17','2026-03-02 17:22:17'),(371,'Sendisk USB 512GB',2,'Supplied by vendor for PO #6','SENDISK-U5-HW-0-0/0111',NULL,NULL,NULL,'Available','Hardware','2026-03-02','2026-03-02',NULL,2,'2026-03-02 17:22:17','2026-03-02 17:22:17'),(372,'Sendisk USB 512GB',2,'Supplied by vendor for PO #6','SENDISK-U5-HW-0-0/0112',NULL,NULL,NULL,'Available','Hardware','2026-03-02','2026-03-02',NULL,2,'2026-03-02 17:22:17','2026-03-02 17:22:17'),(373,'Sendisk USB 512GB',2,'Supplied by vendor for PO #6','SENDISK-U5-HW-0-0/0113',NULL,NULL,NULL,'Available','Hardware','2026-03-02','2026-03-02',NULL,2,'2026-03-02 17:22:17','2026-03-02 17:22:17'),(374,'Sendisk USB 512GB',2,'Supplied by vendor for PO #6','SENDISK-U5-HW-0-0/0114',NULL,NULL,NULL,'Available','Hardware','2026-03-02','2026-03-02',NULL,2,'2026-03-02 17:22:17','2026-03-02 17:22:17'),(375,'Sendisk USB 512GB',2,'Supplied by vendor for PO #6','SENDISK-U5-HW-0-0/0115',NULL,NULL,NULL,'Available','Hardware','2026-03-02','2026-03-02',NULL,2,'2026-03-02 17:22:17','2026-03-02 17:22:17'),(376,'Sendisk USB 512GB',2,'Supplied by vendor for PO #6','SENDISK-U5-HW-0-0/0116',NULL,NULL,NULL,'Available','Hardware','2026-03-02','2026-03-02',NULL,2,'2026-03-02 17:22:17','2026-03-02 17:22:17'),(377,'Sendisk USB 512GB',2,'Supplied by vendor for PO #6','SENDISK-U5-HW-0-0/0117',NULL,NULL,NULL,'Available','Hardware','2026-03-02','2026-03-02',NULL,2,'2026-03-02 17:22:17','2026-03-02 17:22:17'),(378,'Sendisk USB 512GB',2,'Supplied by vendor for PO #6','SENDISK-U5-HW-0-0/0118',NULL,NULL,NULL,'Available','Hardware','2026-03-02','2026-03-02',NULL,2,'2026-03-02 17:22:17','2026-03-02 17:22:17'),(379,'Sendisk USB 512GB',2,'Supplied by vendor for PO #6','SENDISK-U5-HW-0-0/0119',NULL,NULL,NULL,'Available','Hardware','2026-03-02','2026-03-02',NULL,2,'2026-03-02 17:22:17','2026-03-02 17:22:17'),(380,'Sendisk USB 512GB',2,'Supplied by vendor for PO #6','SENDISK-U5-HW-0-0/0120',NULL,NULL,NULL,'Available','Hardware','2026-03-02','2026-03-02',NULL,2,'2026-03-02 17:22:17','2026-03-02 17:22:17'),(381,'Sendisk USB 512GB',2,'Supplied by vendor for PO #6','SENDISK-U5-HW-0-0/0121',NULL,NULL,NULL,'Available','Hardware','2026-03-02','2026-03-02',NULL,2,'2026-03-02 17:22:17','2026-03-02 17:22:17'),(382,'Sendisk USB 512GB',2,'Supplied by vendor for PO #6','SENDISK-U5-HW-0-0/0122',NULL,NULL,NULL,'Available','Hardware','2026-03-02','2026-03-02',NULL,2,'2026-03-02 17:22:17','2026-03-02 17:22:17'),(383,'Sendisk USB 512GB',2,'Supplied by vendor for PO #6','SENDISK-U5-HW-0-0/0123',NULL,NULL,NULL,'Available','Hardware','2026-03-02','2026-03-02',NULL,2,'2026-03-02 17:22:17','2026-03-02 17:22:17'),(384,'Sendisk USB 512GB',2,'Supplied by vendor for PO #6','SENDISK-U5-HW-0-0/0124',NULL,NULL,NULL,'Available','Hardware','2026-03-02','2026-03-02',NULL,2,'2026-03-02 17:22:17','2026-03-02 17:22:17'),(385,'Sendisk USB 512GB',2,'Supplied by vendor for PO #6','SENDISK-U5-HW-0-0/0125',NULL,NULL,NULL,'Available','Hardware','2026-03-02','2026-03-02',NULL,2,'2026-03-02 17:22:17','2026-03-02 17:22:17'),(386,'Sendisk USB 512GB',2,'Supplied by vendor for PO #6','SENDISK-U5-HW-0-0/0126',NULL,NULL,NULL,'Available','Hardware','2026-03-02','2026-03-02',NULL,2,'2026-03-02 17:22:17','2026-03-02 17:22:17'),(387,'Sendisk USB 512GB',2,'Supplied by vendor for PO #6','SENDISK-U5-HW-0-0/0127',NULL,NULL,NULL,'Available','Hardware','2026-03-02','2026-03-02',NULL,2,'2026-03-02 17:22:17','2026-03-02 17:22:17'),(388,'Sendisk USB 512GB',2,'Supplied by vendor for PO #6','SENDISK-U5-HW-0-0/0128',NULL,NULL,NULL,'Available','Hardware','2026-03-02','2026-03-02',NULL,2,'2026-03-02 17:22:17','2026-03-02 17:22:17'),(389,'Sendisk USB 512GB',2,'Supplied by vendor for PO #6','SENDISK-U5-HW-0-0/0129',NULL,NULL,NULL,'Available','Hardware','2026-03-02','2026-03-02',NULL,2,'2026-03-02 17:22:17','2026-03-02 17:22:17'),(390,'Sendisk USB 512GB',2,'Supplied by vendor for PO #6','SENDISK-U5-HW-0-0/0130',NULL,NULL,NULL,'Available','Hardware','2026-03-02','2026-03-02',NULL,2,'2026-03-02 17:22:17','2026-03-02 17:22:17'),(391,'Sendisk USB 512GB',2,'Supplied by vendor for PO #6','SENDISK-U5-HW-0-0/0131',NULL,NULL,NULL,'Available','Hardware','2026-03-02','2026-03-02',NULL,2,'2026-03-02 17:22:17','2026-03-02 17:22:17'),(392,'Sendisk USB 512GB',2,'Supplied by vendor for PO #6','SENDISK-U5-HW-0-0/0132',NULL,NULL,NULL,'Available','Hardware','2026-03-02','2026-03-02',NULL,2,'2026-03-02 17:22:17','2026-03-02 17:22:17'),(393,'Sendisk USB 512GB',2,'Supplied by vendor for PO #6','SENDISK-U5-HW-0-0/0133',NULL,NULL,NULL,'Available','Hardware','2026-03-02','2026-03-02',NULL,2,'2026-03-02 17:22:17','2026-03-02 17:22:17'),(394,'Sendisk USB 512GB',2,'Supplied by vendor for PO #6','SENDISK-U5-HW-0-0/0134',NULL,NULL,NULL,'Available','Hardware','2026-03-02','2026-03-02',NULL,2,'2026-03-02 17:22:17','2026-03-02 17:22:17'),(395,'Sendisk USB 512GB',2,'Supplied by vendor for PO #6','SENDISK-U5-HW-0-0/0135',NULL,NULL,NULL,'Available','Hardware','2026-03-02','2026-03-02',NULL,2,'2026-03-02 17:22:17','2026-03-02 17:22:17'),(396,'Sendisk USB 512GB',2,'Supplied by vendor for PO #6','SENDISK-U5-HW-0-0/0136',NULL,NULL,NULL,'Available','Hardware','2026-03-02','2026-03-02',NULL,2,'2026-03-02 17:22:17','2026-03-02 17:22:17'),(397,'Sendisk USB 512GB',2,'Supplied by vendor for PO #6','SENDISK-U5-HW-0-0/0137',NULL,NULL,NULL,'Available','Hardware','2026-03-02','2026-03-02',NULL,2,'2026-03-02 17:22:17','2026-03-02 17:22:17'),(398,'Sendisk USB 512GB',2,'Supplied by vendor for PO #6','SENDISK-U5-HW-0-0/0138',NULL,NULL,NULL,'Available','Hardware','2026-03-02','2026-03-02',NULL,2,'2026-03-02 17:22:17','2026-03-02 17:22:17'),(399,'Sendisk USB 512GB',2,'Supplied by vendor for PO #6','SENDISK-U5-HW-0-0/0139',NULL,NULL,NULL,'Available','Hardware','2026-03-02','2026-03-02',NULL,2,'2026-03-02 17:22:17','2026-03-02 17:22:17'),(400,'Sendisk USB 512GB',2,'Supplied by vendor for PO #6','SENDISK-U5-HW-0-0/0140',NULL,NULL,NULL,'Available','Hardware','2026-03-02','2026-03-02',NULL,2,'2026-03-02 17:22:17','2026-03-02 17:22:17'),(401,'Sendisk USB 512GB',2,'Supplied by vendor for PO #6','SENDISK-U5-HW-0-0/0141',NULL,NULL,NULL,'Available','Hardware','2026-03-02','2026-03-02',NULL,2,'2026-03-02 17:22:17','2026-03-02 17:22:17'),(402,'Sendisk USB 512GB',2,'Supplied by vendor for PO #6','SENDISK-U5-HW-0-0/0142',NULL,NULL,NULL,'Available','Hardware','2026-03-02','2026-03-02',NULL,2,'2026-03-02 17:22:17','2026-03-02 17:22:17'),(403,'Sendisk USB 512GB',2,'Supplied by vendor for PO #6','SENDISK-U5-HW-0-0/0143',NULL,NULL,NULL,'Available','Hardware','2026-03-02','2026-03-02',NULL,2,'2026-03-02 17:22:17','2026-03-02 17:22:17'),(404,'Sendisk USB 512GB',2,'Supplied by vendor for PO #6','SENDISK-U5-HW-0-0/0144',NULL,NULL,NULL,'Available','Hardware','2026-03-02','2026-03-02',NULL,2,'2026-03-02 17:22:17','2026-03-02 17:22:17'),(405,'Sendisk USB 512GB',2,'Supplied by vendor for PO #6','SENDISK-U5-HW-0-0/0145',NULL,NULL,NULL,'Available','Hardware','2026-03-02','2026-03-02',NULL,2,'2026-03-02 17:22:17','2026-03-02 17:22:17'),(406,'Sendisk USB 512GB',2,'Supplied by vendor for PO #6','SENDISK-U5-HW-0-0/0146',NULL,NULL,NULL,'Available','Hardware','2026-03-02','2026-03-02',NULL,2,'2026-03-02 17:22:17','2026-03-02 17:22:17'),(407,'Sendisk USB 512GB',2,'Supplied by vendor for PO #6','SENDISK-U5-HW-0-0/0147',NULL,NULL,NULL,'Available','Hardware','2026-03-02','2026-03-02',NULL,2,'2026-03-02 17:22:17','2026-03-02 17:22:17'),(408,'Sendisk USB 512GB',2,'Supplied by vendor for PO #6','SENDISK-U5-HW-0-0/0148',NULL,NULL,NULL,'Available','Hardware','2026-03-02','2026-03-02',NULL,2,'2026-03-02 17:22:17','2026-03-02 17:22:17'),(409,'Sendisk USB 512GB',2,'Supplied by vendor for PO #6','SENDISK-U5-HW-0-0/0149',NULL,NULL,NULL,'Available','Hardware','2026-03-02','2026-03-02',NULL,2,'2026-03-02 17:22:17','2026-03-02 17:22:17'),(410,'Sendisk USB 512GB',2,'Supplied by vendor for PO #6','SENDISK-U5-HW-0-0/0150',NULL,NULL,NULL,'Available','Hardware','2026-03-02','2026-03-02',NULL,2,'2026-03-02 17:22:17','2026-03-02 17:22:17'),(411,'Sendisk USB 512GB',2,'Supplied by vendor for PO #6','SENDISK-U5-HW-0-0/0151',NULL,NULL,NULL,'Available','Hardware','2026-03-02','2026-03-02',NULL,2,'2026-03-02 17:22:17','2026-03-02 17:22:17'),(412,'Sendisk USB 512GB',2,'Supplied by vendor for PO #6','SENDISK-U5-HW-0-0/0152',NULL,NULL,NULL,'Available','Hardware','2026-03-02','2026-03-02',NULL,2,'2026-03-02 17:22:17','2026-03-02 17:22:17'),(413,'Sendisk USB 512GB',2,'Supplied by vendor for PO #6','SENDISK-U5-HW-0-0/0153',NULL,NULL,NULL,'Available','Hardware','2026-03-02','2026-03-02',NULL,2,'2026-03-02 17:22:17','2026-03-02 17:22:17'),(414,'Sendisk USB 512GB',2,'Supplied by vendor for PO #6','SENDISK-U5-HW-0-0/0154',NULL,NULL,NULL,'Available','Hardware','2026-03-02','2026-03-02',NULL,2,'2026-03-02 17:22:17','2026-03-02 17:22:17'),(415,'Sendisk USB 512GB',2,'Supplied by vendor for PO #6','SENDISK-U5-HW-0-0/0155',NULL,NULL,NULL,'Available','Hardware','2026-03-02','2026-03-02',NULL,2,'2026-03-02 17:22:17','2026-03-02 17:22:17'),(416,'Sendisk USB 512GB',2,'Supplied by vendor for PO #6','SENDISK-U5-HW-0-0/0156',NULL,NULL,NULL,'Available','Hardware','2026-03-02','2026-03-02',NULL,2,'2026-03-02 17:22:17','2026-03-02 17:22:17'),(417,'Sendisk USB 512GB',2,'Supplied by vendor for PO #6','SENDISK-U5-HW-0-0/0157',NULL,NULL,NULL,'Available','Hardware','2026-03-02','2026-03-02',NULL,2,'2026-03-02 17:22:17','2026-03-02 17:22:17'),(418,'Sendisk USB 512GB',2,'Supplied by vendor for PO #6','SENDISK-U5-HW-0-0/0158',NULL,NULL,NULL,'Available','Hardware','2026-03-02','2026-03-02',NULL,2,'2026-03-02 17:22:17','2026-03-02 17:22:17'),(419,'Sendisk USB 512GB',2,'Supplied by vendor for PO #6','SENDISK-U5-HW-0-0/0159',NULL,NULL,NULL,'Available','Hardware','2026-03-02','2026-03-02',NULL,2,'2026-03-02 17:22:17','2026-03-02 17:22:17'),(420,'Sendisk USB 512GB',2,'Supplied by vendor for PO #6','SENDISK-U5-HW-0-0/0160',NULL,NULL,NULL,'Available','Hardware','2026-03-02','2026-03-02',NULL,2,'2026-03-02 17:22:17','2026-03-02 17:22:17'),(421,'Sendisk USB 512GB',2,'Supplied by vendor for PO #6','SENDISK-U5-HW-0-0/0161',NULL,NULL,NULL,'Available','Hardware','2026-03-02','2026-03-02',NULL,2,'2026-03-02 17:22:17','2026-03-02 17:22:17'),(422,'Sendisk USB 512GB',2,'Supplied by vendor for PO #6','SENDISK-U5-HW-0-0/0162',NULL,NULL,NULL,'Available','Hardware','2026-03-02','2026-03-02',NULL,2,'2026-03-02 17:22:17','2026-03-02 17:22:17'),(423,'Sendisk USB 512GB',2,'Supplied by vendor for PO #6','SENDISK-U5-HW-0-0/0163',NULL,NULL,NULL,'Available','Hardware','2026-03-02','2026-03-02',NULL,2,'2026-03-02 17:22:17','2026-03-02 17:22:17'),(424,'Sendisk USB 512GB',2,'Supplied by vendor for PO #6','SENDISK-U5-HW-0-0/0164',NULL,NULL,NULL,'Available','Hardware','2026-03-02','2026-03-02',NULL,2,'2026-03-02 17:22:17','2026-03-02 17:22:17'),(425,'Sendisk USB 512GB',2,'Supplied by vendor for PO #6','SENDISK-U5-HW-0-0/0165',NULL,NULL,NULL,'Available','Hardware','2026-03-02','2026-03-02',NULL,2,'2026-03-02 17:22:17','2026-03-02 17:22:17'),(426,'Sendisk USB 512GB',2,'Supplied by vendor for PO #6','SENDISK-U5-HW-0-0/0166',NULL,NULL,NULL,'Available','Hardware','2026-03-02','2026-03-02',NULL,2,'2026-03-02 17:22:17','2026-03-02 17:22:17'),(427,'Sendisk USB 512GB',2,'Supplied by vendor for PO #6','SENDISK-U5-HW-0-0/0167',NULL,NULL,NULL,'Available','Hardware','2026-03-02','2026-03-02',NULL,2,'2026-03-02 17:22:17','2026-03-02 17:22:17'),(428,'Sendisk USB 512GB',2,'Supplied by vendor for PO #6','SENDISK-U5-HW-0-0/0168',NULL,NULL,NULL,'Available','Hardware','2026-03-02','2026-03-02',NULL,2,'2026-03-02 17:22:17','2026-03-02 17:22:17'),(429,'Sendisk USB 512GB',2,'Supplied by vendor for PO #6','SENDISK-U5-HW-0-0/0169',NULL,NULL,NULL,'Available','Hardware','2026-03-02','2026-03-02',NULL,2,'2026-03-02 17:22:17','2026-03-02 17:22:17'),(430,'Sendisk USB 512GB',2,'Supplied by vendor for PO #6','SENDISK-U5-HW-0-0/0170',NULL,NULL,NULL,'Available','Hardware','2026-03-02','2026-03-02',NULL,2,'2026-03-02 17:22:17','2026-03-02 17:22:17'),(431,'Sendisk USB 512GB',2,'Supplied by vendor for PO #6','SENDISK-U5-HW-0-0/0171',NULL,NULL,NULL,'Available','Hardware','2026-03-02','2026-03-02',NULL,2,'2026-03-02 17:22:17','2026-03-02 17:22:17'),(432,'Sendisk USB 512GB',2,'Supplied by vendor for PO #6','SENDISK-U5-HW-0-0/0172',NULL,NULL,NULL,'Available','Hardware','2026-03-02','2026-03-02',NULL,2,'2026-03-02 17:22:17','2026-03-02 17:22:17'),(433,'Sendisk USB 512GB',2,'Supplied by vendor for PO #6','SENDISK-U5-HW-0-0/0173',NULL,NULL,NULL,'Available','Hardware','2026-03-02','2026-03-02',NULL,2,'2026-03-02 17:22:17','2026-03-02 17:22:17'),(434,'Sendisk USB 512GB',2,'Supplied by vendor for PO #6','SENDISK-U5-HW-0-0/0174',NULL,NULL,NULL,'Available','Hardware','2026-03-02','2026-03-02',NULL,2,'2026-03-02 17:22:17','2026-03-02 17:22:17'),(435,'Sendisk USB 512GB',2,'Supplied by vendor for PO #6','SENDISK-U5-HW-0-0/0175',NULL,NULL,NULL,'Available','Hardware','2026-03-02','2026-03-02',NULL,2,'2026-03-02 17:22:17','2026-03-02 17:22:17'),(436,'Sendisk USB 512GB',2,'Supplied by vendor for PO #6','SENDISK-U5-HW-0-0/0176',NULL,NULL,NULL,'Available','Hardware','2026-03-02','2026-03-02',NULL,2,'2026-03-02 17:22:17','2026-03-02 17:22:17'),(437,'Sendisk USB 512GB',2,'Supplied by vendor for PO #6','SENDISK-U5-HW-0-0/0177',NULL,NULL,NULL,'Available','Hardware','2026-03-02','2026-03-02',NULL,2,'2026-03-02 17:22:17','2026-03-02 17:22:17'),(438,'Sendisk USB 512GB',2,'Supplied by vendor for PO #6','SENDISK-U5-HW-0-0/0178',NULL,NULL,NULL,'Available','Hardware','2026-03-02','2026-03-02',NULL,2,'2026-03-02 17:22:17','2026-03-02 17:22:17'),(439,'Sendisk USB 512GB',2,'Supplied by vendor for PO #6','SENDISK-U5-HW-0-0/0179',NULL,NULL,NULL,'Available','Hardware','2026-03-02','2026-03-02',NULL,2,'2026-03-02 17:22:17','2026-03-02 17:22:17'),(440,'Sendisk USB 512GB',2,'Supplied by vendor for PO #6','SENDISK-U5-HW-0-0/0180',NULL,NULL,NULL,'Available','Hardware','2026-03-02','2026-03-02',NULL,2,'2026-03-02 17:22:17','2026-03-02 17:22:17'),(441,'Sendisk USB 512GB',2,'Supplied by vendor for PO #6','SENDISK-U5-HW-0-0/0181',NULL,NULL,NULL,'Available','Hardware','2026-03-02','2026-03-02',NULL,2,'2026-03-02 17:22:17','2026-03-02 17:22:17'),(442,'Sendisk USB 512GB',2,'Supplied by vendor for PO #6','SENDISK-U5-HW-0-0/0182',NULL,NULL,NULL,'Available','Hardware','2026-03-02','2026-03-02',NULL,2,'2026-03-02 17:22:17','2026-03-02 17:22:17'),(443,'Sendisk USB 512GB',2,'Supplied by vendor for PO #6','SENDISK-U5-HW-0-0/0183',NULL,NULL,NULL,'Available','Hardware','2026-03-02','2026-03-02',NULL,2,'2026-03-02 17:22:17','2026-03-02 17:22:17'),(444,'Sendisk USB 512GB',2,'Supplied by vendor for PO #6','SENDISK-U5-HW-0-0/0184',NULL,NULL,NULL,'Available','Hardware','2026-03-02','2026-03-02',NULL,2,'2026-03-02 17:22:17','2026-03-02 17:22:17'),(445,'Sendisk USB 512GB',2,'Supplied by vendor for PO #6','SENDISK-U5-HW-0-0/0185',NULL,NULL,NULL,'Available','Hardware','2026-03-02','2026-03-02',NULL,2,'2026-03-02 17:22:17','2026-03-02 17:22:17'),(446,'Sendisk USB 512GB',2,'Supplied by vendor for PO #6','SENDISK-U5-HW-0-0/0186',NULL,NULL,NULL,'Available','Hardware','2026-03-02','2026-03-02',NULL,2,'2026-03-02 17:22:17','2026-03-02 17:22:17'),(447,'Sendisk USB 512GB',2,'Supplied by vendor for PO #6','SENDISK-U5-HW-0-0/0187',NULL,NULL,NULL,'Available','Hardware','2026-03-02','2026-03-02',NULL,2,'2026-03-02 17:22:17','2026-03-02 17:22:17'),(448,'Sendisk USB 512GB',2,'Supplied by vendor for PO #6','SENDISK-U5-HW-0-0/0188',NULL,NULL,NULL,'Available','Hardware','2026-03-02','2026-03-02',NULL,2,'2026-03-02 17:22:17','2026-03-02 17:22:17'),(449,'Sendisk USB 512GB',2,'Supplied by vendor for PO #6','SENDISK-U5-HW-0-0/0189',NULL,NULL,NULL,'Available','Hardware','2026-03-02','2026-03-02',NULL,2,'2026-03-02 17:22:17','2026-03-02 17:22:17'),(450,'Sendisk USB 512GB',2,'Supplied by vendor for PO #6','SENDISK-U5-HW-0-0/0190',NULL,NULL,NULL,'Available','Hardware','2026-03-02','2026-03-02',NULL,2,'2026-03-02 17:22:17','2026-03-02 17:22:17'),(451,'Sendisk USB 512GB',2,'Supplied by vendor for PO #6','SENDISK-U5-HW-0-0/0191',NULL,NULL,NULL,'Available','Hardware','2026-03-02','2026-03-02',NULL,2,'2026-03-02 17:22:17','2026-03-02 17:22:17'),(452,'Sendisk USB 512GB',2,'Supplied by vendor for PO #6','SENDISK-U5-HW-0-0/0192',NULL,NULL,NULL,'Available','Hardware','2026-03-02','2026-03-02',NULL,2,'2026-03-02 17:22:17','2026-03-02 17:22:17'),(453,'Sendisk USB 512GB',2,'Supplied by vendor for PO #6','SENDISK-U5-HW-0-0/0193',NULL,NULL,NULL,'Available','Hardware','2026-03-02','2026-03-02',NULL,2,'2026-03-02 17:22:17','2026-03-02 17:22:17'),(454,'Sendisk USB 512GB',2,'Supplied by vendor for PO #6','SENDISK-U5-HW-0-0/0194',NULL,NULL,NULL,'Available','Hardware','2026-03-02','2026-03-02',NULL,2,'2026-03-02 17:22:17','2026-03-02 17:22:17'),(455,'Sendisk USB 512GB',2,'Supplied by vendor for PO #6','SENDISK-U5-HW-0-0/0195',NULL,NULL,NULL,'Available','Hardware','2026-03-02','2026-03-02',NULL,2,'2026-03-02 17:22:17','2026-03-02 17:22:17'),(456,'Sendisk USB 512GB',2,'Supplied by vendor for PO #6','SENDISK-U5-HW-0-0/0196',NULL,NULL,NULL,'Available','Hardware','2026-03-02','2026-03-02',NULL,2,'2026-03-02 17:22:17','2026-03-02 17:22:17'),(457,'Sendisk USB 512GB',2,'Supplied by vendor for PO #6','SENDISK-U5-HW-0-0/0197',NULL,NULL,NULL,'Available','Hardware','2026-03-02','2026-03-02',NULL,2,'2026-03-02 17:22:17','2026-03-02 17:22:17'),(458,'Sendisk USB 512GB',2,'Supplied by vendor for PO #6','SENDISK-U5-HW-0-0/0198',NULL,NULL,NULL,'Available','Hardware','2026-03-02','2026-03-02',NULL,2,'2026-03-02 17:22:17','2026-03-02 17:22:17'),(459,'Sendisk USB 512GB',2,'Supplied by vendor for PO #6','SENDISK-U5-HW-0-0/0199',NULL,NULL,NULL,'Available','Hardware','2026-03-02','2026-03-02',NULL,2,'2026-03-02 17:22:17','2026-03-02 17:22:17'),(460,'Sendisk USB 512GB',2,'Supplied by vendor for PO #6','SENDISK-U5-HW-0-0/0200',NULL,NULL,NULL,'Available','Hardware','2026-03-02','2026-03-02',NULL,2,'2026-03-02 17:22:17','2026-03-02 17:22:17'),(461,'Sendisk USB 512GB',2,'Supplied by vendor for PO #6','SENDISK-U5-HW-0-0/0201',NULL,NULL,NULL,'Available','Hardware','2026-03-02','2026-03-02',NULL,2,'2026-03-02 17:22:17','2026-03-02 17:22:17'),(462,'Sendisk USB 512GB',2,'Supplied by vendor for PO #6','SENDISK-U5-HW-0-0/0202',NULL,NULL,NULL,'Available','Hardware','2026-03-02','2026-03-02',NULL,2,'2026-03-02 17:22:17','2026-03-02 17:22:17'),(463,'Sendisk USB 512GB',2,'Supplied by vendor for PO #6','SENDISK-U5-HW-0-0/0203',NULL,NULL,NULL,'Available','Hardware','2026-03-02','2026-03-02',NULL,2,'2026-03-02 17:22:17','2026-03-02 17:22:17'),(464,'Sendisk USB 512GB',2,'Supplied by vendor for PO #6','SENDISK-U5-HW-0-0/0204',NULL,NULL,NULL,'Available','Hardware','2026-03-02','2026-03-02',NULL,2,'2026-03-02 17:22:17','2026-03-02 17:22:17'),(465,'Sendisk USB 512GB',2,'Supplied by vendor for PO #6','SENDISK-U5-HW-0-0/0205',NULL,NULL,NULL,'Available','Hardware','2026-03-02','2026-03-02',NULL,2,'2026-03-02 17:22:17','2026-03-02 17:22:17'),(466,'Sendisk USB 512GB',2,'Supplied by vendor for PO #6','SENDISK-U5-HW-0-0/0206',NULL,NULL,NULL,'Available','Hardware','2026-03-02','2026-03-02',NULL,2,'2026-03-02 17:22:17','2026-03-02 17:22:17'),(467,'Sendisk USB 512GB',2,'Supplied by vendor for PO #6','SENDISK-U5-HW-0-0/0207',NULL,NULL,NULL,'Available','Hardware','2026-03-02','2026-03-02',NULL,2,'2026-03-02 17:22:17','2026-03-02 17:22:17'),(468,'Sendisk USB 512GB',2,'Supplied by vendor for PO #6','SENDISK-U5-HW-0-0/0208',NULL,NULL,NULL,'Available','Hardware','2026-03-02','2026-03-02',NULL,2,'2026-03-02 17:22:17','2026-03-02 17:22:17'),(469,'Sendisk USB 512GB',2,'Supplied by vendor for PO #6','SENDISK-U5-HW-0-0/0209',NULL,NULL,NULL,'Available','Hardware','2026-03-02','2026-03-02',NULL,2,'2026-03-02 17:22:17','2026-03-02 17:22:17'),(470,'Sendisk USB 512GB',2,'Supplied by vendor for PO #6','SENDISK-U5-HW-0-0/0210',NULL,NULL,NULL,'Available','Hardware','2026-03-02','2026-03-02',NULL,2,'2026-03-02 17:22:17','2026-03-02 17:22:17'),(471,'Sendisk USB 512GB',2,'Supplied by vendor for PO #6','SENDISK-U5-HW-0-0/0211',NULL,NULL,NULL,'Available','Hardware','2026-03-02','2026-03-02',NULL,2,'2026-03-02 17:22:17','2026-03-02 17:22:17'),(472,'Sendisk USB 512GB',2,'Supplied by vendor for PO #6','SENDISK-U5-HW-0-0/0212',NULL,NULL,NULL,'Available','Hardware','2026-03-02','2026-03-02',NULL,2,'2026-03-02 17:22:17','2026-03-02 17:22:17'),(473,'Sendisk USB 512GB',2,'Supplied by vendor for PO #6','SENDISK-U5-HW-0-0/0213',NULL,NULL,NULL,'Available','Hardware','2026-03-02','2026-03-02',NULL,2,'2026-03-02 17:22:17','2026-03-02 17:22:17'),(474,'Sendisk USB 512GB',2,'Supplied by vendor for PO #6','SENDISK-U5-HW-0-0/0214',NULL,NULL,NULL,'Available','Hardware','2026-03-02','2026-03-02',NULL,2,'2026-03-02 17:22:17','2026-03-02 17:22:17'),(475,'Sendisk USB 512GB',2,'Supplied by vendor for PO #6','SENDISK-U5-HW-0-0/0215',NULL,NULL,NULL,'Available','Hardware','2026-03-02','2026-03-02',NULL,2,'2026-03-02 17:22:17','2026-03-02 17:22:17'),(476,'Sendisk USB 512GB',2,'Supplied by vendor for PO #6','SENDISK-U5-HW-0-0/0216',NULL,NULL,NULL,'Available','Hardware','2026-03-02','2026-03-02',NULL,2,'2026-03-02 17:22:17','2026-03-02 17:22:17'),(477,'Sendisk USB 512GB',2,'Supplied by vendor for PO #6','SENDISK-U5-HW-0-0/0217',NULL,NULL,NULL,'Available','Hardware','2026-03-02','2026-03-02',NULL,2,'2026-03-02 17:22:17','2026-03-02 17:22:17'),(478,'Sendisk USB 512GB',2,'Supplied by vendor for PO #6','SENDISK-U5-HW-0-0/0218',NULL,NULL,NULL,'Available','Hardware','2026-03-02','2026-03-02',NULL,2,'2026-03-02 17:22:17','2026-03-02 17:22:17'),(479,'Sendisk USB 512GB',2,'Supplied by vendor for PO #6','SENDISK-U5-HW-0-0/0219',NULL,NULL,NULL,'Available','Hardware','2026-03-02','2026-03-02',NULL,2,'2026-03-02 17:22:17','2026-03-02 17:22:17'),(480,'Sendisk USB 512GB',2,'Supplied by vendor for PO #6','SENDISK-U5-HW-0-0/0220',NULL,NULL,NULL,'Available','Hardware','2026-03-02','2026-03-02',NULL,2,'2026-03-02 17:22:17','2026-03-02 17:22:17'),(481,'Sendisk USB 512GB',2,'Supplied by vendor for PO #6','SENDISK-U5-HW-0-0/0221',NULL,NULL,NULL,'Available','Hardware','2026-03-02','2026-03-02',NULL,2,'2026-03-02 17:22:17','2026-03-02 17:22:17'),(482,'Sendisk USB 512GB',2,'Supplied by vendor for PO #6','SENDISK-U5-HW-0-0/0222',NULL,NULL,NULL,'Available','Hardware','2026-03-02','2026-03-02',NULL,2,'2026-03-02 17:22:17','2026-03-02 17:22:17'),(483,'Sendisk USB 512GB',2,'Supplied by vendor for PO #6','SENDISK-U5-HW-0-0/0223',NULL,NULL,NULL,'Available','Hardware','2026-03-02','2026-03-02',NULL,2,'2026-03-02 17:22:17','2026-03-02 17:22:17'),(484,'Sendisk USB 512GB',2,'Supplied by vendor for PO #6','SENDISK-U5-HW-0-0/0224',NULL,NULL,NULL,'Available','Hardware','2026-03-02','2026-03-02',NULL,2,'2026-03-02 17:22:17','2026-03-02 17:22:17'),(485,'Sendisk USB 512GB',2,'Supplied by vendor for PO #6','SENDISK-U5-HW-0-0/0225',NULL,NULL,NULL,'Available','Hardware','2026-03-02','2026-03-02',NULL,2,'2026-03-02 17:22:17','2026-03-02 17:22:17'),(486,'Sendisk USB 512GB',2,'Supplied by vendor for PO #6','SENDISK-U5-HW-0-0/0226',NULL,NULL,NULL,'Available','Hardware','2026-03-02','2026-03-02',NULL,2,'2026-03-02 17:22:17','2026-03-02 17:22:17'),(487,'Sendisk USB 512GB',2,'Supplied by vendor for PO #6','SENDISK-U5-HW-0-0/0227',NULL,NULL,NULL,'Available','Hardware','2026-03-02','2026-03-02',NULL,2,'2026-03-02 17:22:17','2026-03-02 17:22:17'),(488,'Sendisk USB 512GB',2,'Supplied by vendor for PO #6','SENDISK-U5-HW-0-0/0228',NULL,NULL,NULL,'Available','Hardware','2026-03-02','2026-03-02',NULL,2,'2026-03-02 17:22:17','2026-03-02 17:22:17'),(489,'Sendisk USB 512GB',2,'Supplied by vendor for PO #6','SENDISK-U5-HW-0-0/0229',NULL,NULL,NULL,'Available','Hardware','2026-03-02','2026-03-02',NULL,2,'2026-03-02 17:22:17','2026-03-02 17:22:17'),(490,'Sendisk USB 512GB',2,'Supplied by vendor for PO #6','SENDISK-U5-HW-0-0/0230',NULL,NULL,NULL,'Available','Hardware','2026-03-02','2026-03-02',NULL,2,'2026-03-02 17:22:17','2026-03-02 17:22:17'),(491,'Sendisk USB 512GB',2,'Supplied by vendor for PO #6','SENDISK-U5-HW-0-0/0231',NULL,NULL,NULL,'Available','Hardware','2026-03-02','2026-03-02',NULL,2,'2026-03-02 17:22:17','2026-03-02 17:22:17'),(492,'Sendisk USB 512GB',2,'Supplied by vendor for PO #6','SENDISK-U5-HW-0-0/0232',NULL,NULL,NULL,'Available','Hardware','2026-03-02','2026-03-02',NULL,2,'2026-03-02 17:22:17','2026-03-02 17:22:17'),(493,'Sendisk USB 512GB',2,'Supplied by vendor for PO #6','SENDISK-U5-HW-0-0/0233',NULL,NULL,NULL,'Available','Hardware','2026-03-02','2026-03-02',NULL,2,'2026-03-02 17:22:17','2026-03-02 17:22:17'),(494,'Sendisk USB 512GB',2,'Supplied by vendor for PO #6','SENDISK-U5-HW-0-0/0234',NULL,NULL,NULL,'Available','Hardware','2026-03-02','2026-03-02',NULL,2,'2026-03-02 17:22:17','2026-03-02 17:22:17'),(495,'Sendisk USB 512GB',2,'Supplied by vendor for PO #6','SENDISK-U5-HW-0-0/0235',NULL,NULL,NULL,'Available','Hardware','2026-03-02','2026-03-02',NULL,2,'2026-03-02 17:22:17','2026-03-02 17:22:17'),(496,'Sendisk USB 512GB',2,'Supplied by vendor for PO #6','SENDISK-U5-HW-0-0/0236',NULL,NULL,NULL,'Available','Hardware','2026-03-02','2026-03-02',NULL,2,'2026-03-02 17:22:17','2026-03-02 17:22:17'),(497,'Sendisk USB 512GB',2,'Supplied by vendor for PO #6','SENDISK-U5-HW-0-0/0237',NULL,NULL,NULL,'Available','Hardware','2026-03-02','2026-03-02',NULL,2,'2026-03-02 17:22:17','2026-03-02 17:22:17'),(498,'Sendisk USB 512GB',2,'Supplied by vendor for PO #6','SENDISK-U5-HW-0-0/0238',NULL,NULL,NULL,'Available','Hardware','2026-03-02','2026-03-02',NULL,2,'2026-03-02 17:22:17','2026-03-02 17:22:17'),(499,'Sendisk USB 512GB',2,'Supplied by vendor for PO #6','SENDISK-U5-HW-0-0/0239',NULL,NULL,NULL,'Available','Hardware','2026-03-02','2026-03-02',NULL,2,'2026-03-02 17:22:17','2026-03-02 17:22:17'),(500,'Sendisk USB 512GB',2,'Supplied by vendor for PO #6','SENDISK-U5-HW-0-0/0240',NULL,NULL,NULL,'Available','Hardware','2026-03-02','2026-03-02',NULL,2,'2026-03-02 17:22:17','2026-03-02 17:22:17'),(501,'Sendisk USB 512GB',2,'Supplied by vendor for PO #6','SENDISK-U5-HW-0-0/0241',NULL,NULL,NULL,'Available','Hardware','2026-03-02','2026-03-02',NULL,2,'2026-03-02 17:22:17','2026-03-02 17:22:17'),(502,'Sendisk USB 512GB',2,'Supplied by vendor for PO #6','SENDISK-U5-HW-0-0/0242',NULL,NULL,NULL,'Available','Hardware','2026-03-02','2026-03-02',NULL,2,'2026-03-02 17:22:17','2026-03-02 17:22:17'),(503,'Sendisk USB 512GB',2,'Supplied by vendor for PO #6','SENDISK-U5-HW-0-0/0243',NULL,NULL,NULL,'Available','Hardware','2026-03-02','2026-03-02',NULL,2,'2026-03-02 17:22:17','2026-03-02 17:22:17'),(504,'Sendisk USB 512GB',2,'Supplied by vendor for PO #6','SENDISK-U5-HW-0-0/0244',NULL,NULL,NULL,'Available','Hardware','2026-03-02','2026-03-02',NULL,2,'2026-03-02 17:22:17','2026-03-02 17:22:17'),(505,'Sendisk USB 512GB',2,'Supplied by vendor for PO #6','SENDISK-U5-HW-0-0/0245',NULL,NULL,NULL,'Available','Hardware','2026-03-02','2026-03-02',NULL,2,'2026-03-02 17:22:17','2026-03-02 17:22:17'),(506,'Sendisk USB 512GB',2,'Supplied by vendor for PO #6','SENDISK-U5-HW-0-0/0246',NULL,NULL,NULL,'Available','Hardware','2026-03-02','2026-03-02',NULL,2,'2026-03-02 17:22:17','2026-03-02 17:22:17'),(507,'Sendisk USB 512GB',2,'Supplied by vendor for PO #6','SENDISK-U5-HW-0-0/0247',NULL,NULL,NULL,'Available','Hardware','2026-03-02','2026-03-02',NULL,2,'2026-03-02 17:22:17','2026-03-02 17:22:17'),(508,'Sendisk USB 512GB',2,'Supplied by vendor for PO #6','SENDISK-U5-HW-0-0/0248',NULL,NULL,NULL,'Available','Hardware','2026-03-02','2026-03-02',NULL,2,'2026-03-02 17:22:17','2026-03-02 17:22:17'),(509,'Sendisk USB 512GB',2,'Supplied by vendor for PO #6','SENDISK-U5-HW-0-0/0249',NULL,NULL,NULL,'Available','Hardware','2026-03-02','2026-03-02',NULL,2,'2026-03-02 17:22:17','2026-03-02 17:22:17'),(510,'Sendisk USB 512GB',2,'Supplied by vendor for PO #6','SENDISK-U5-HW-0-0/0250',NULL,NULL,NULL,'Available','Hardware','2026-03-02','2026-03-02',NULL,2,'2026-03-02 17:22:17','2026-03-02 17:22:17'),(511,'Sendisk USB 512GB',2,'Supplied by vendor for PO #6','SENDISK-U5-HW-0-0/0251',NULL,NULL,NULL,'Available','Hardware','2026-03-02','2026-03-02',NULL,2,'2026-03-02 17:22:17','2026-03-02 17:22:17'),(512,'Sendisk USB 512GB',2,'Supplied by vendor for PO #6','SENDISK-U5-HW-0-0/0252',NULL,NULL,NULL,'Available','Hardware','2026-03-02','2026-03-02',NULL,2,'2026-03-02 17:22:17','2026-03-02 17:22:17'),(513,'Sendisk USB 512GB',2,'Supplied by vendor for PO #6','SENDISK-U5-HW-0-0/0253',NULL,NULL,NULL,'Available','Hardware','2026-03-02','2026-03-02',NULL,2,'2026-03-02 17:22:17','2026-03-02 17:22:17'),(514,'Sendisk USB 512GB',2,'Supplied by vendor for PO #6','SENDISK-U5-HW-0-0/0254',NULL,NULL,NULL,'Available','Hardware','2026-03-02','2026-03-02',NULL,2,'2026-03-02 17:22:17','2026-03-02 17:22:17'),(515,'Sendisk USB 512GB',2,'Supplied by vendor for PO #6','SENDISK-U5-HW-0-0/0255',NULL,NULL,NULL,'Available','Hardware','2026-03-02','2026-03-02',NULL,2,'2026-03-02 17:22:17','2026-03-02 17:22:17'),(516,'Sendisk USB 512GB',2,'Supplied by vendor for PO #6','SENDISK-U5-HW-0-0/0256',NULL,NULL,NULL,'Available','Hardware','2026-03-02','2026-03-02',NULL,2,'2026-03-02 17:22:17','2026-03-02 17:22:17'),(517,'Sendisk USB 512GB',2,'Supplied by vendor for PO #6','SENDISK-U5-HW-0-0/0257',NULL,NULL,NULL,'Available','Hardware','2026-03-02','2026-03-02',NULL,2,'2026-03-02 17:22:17','2026-03-02 17:22:17'),(518,'Sendisk USB 512GB',2,'Supplied by vendor for PO #6','SENDISK-U5-HW-0-0/0258',NULL,NULL,NULL,'Available','Hardware','2026-03-02','2026-03-02',NULL,2,'2026-03-02 17:22:17','2026-03-02 17:22:17'),(519,'Sendisk USB 512GB',2,'Supplied by vendor for PO #6','SENDISK-U5-HW-0-0/0259',NULL,NULL,NULL,'Available','Hardware','2026-03-02','2026-03-02',NULL,2,'2026-03-02 17:22:17','2026-03-02 17:22:17'),(520,'Sendisk USB 512GB',2,'Supplied by vendor for PO #6','SENDISK-U5-HW-0-0/0260',NULL,NULL,NULL,'Available','Hardware','2026-03-02','2026-03-02',NULL,2,'2026-03-02 17:22:17','2026-03-02 17:22:17'),(521,'Sendisk USB 512GB',2,'Supplied by vendor for PO #6','SENDISK-U5-HW-0-0/0261',NULL,NULL,NULL,'Available','Hardware','2026-03-02','2026-03-02',NULL,2,'2026-03-02 17:22:17','2026-03-02 17:22:17'),(522,'Sendisk USB 512GB',2,'Supplied by vendor for PO #6','SENDISK-U5-HW-0-0/0262',NULL,NULL,NULL,'Available','Hardware','2026-03-02','2026-03-02',NULL,2,'2026-03-02 17:22:17','2026-03-02 17:22:17'),(523,'Sendisk USB 512GB',2,'Supplied by vendor for PO #6','SENDISK-U5-HW-0-0/0263',NULL,NULL,NULL,'Available','Hardware','2026-03-02','2026-03-02',NULL,2,'2026-03-02 17:22:17','2026-03-02 17:22:17'),(524,'Sendisk USB 512GB',2,'Supplied by vendor for PO #6','SENDISK-U5-HW-0-0/0264',NULL,NULL,NULL,'Available','Hardware','2026-03-02','2026-03-02',NULL,2,'2026-03-02 17:22:17','2026-03-02 17:22:17'),(525,'Sendisk USB 512GB',2,'Supplied by vendor for PO #6','SENDISK-U5-HW-0-0/0265',NULL,NULL,NULL,'Available','Hardware','2026-03-02','2026-03-02',NULL,2,'2026-03-02 17:22:17','2026-03-02 17:22:17'),(526,'Sendisk USB 512GB',2,'Supplied by vendor for PO #6','SENDISK-U5-HW-0-0/0266',NULL,NULL,NULL,'Available','Hardware','2026-03-02','2026-03-02',NULL,2,'2026-03-02 17:22:17','2026-03-02 17:22:17'),(527,'Sendisk USB 512GB',2,'Supplied by vendor for PO #6','SENDISK-U5-HW-0-0/0267',NULL,NULL,NULL,'Available','Hardware','2026-03-02','2026-03-02',NULL,2,'2026-03-02 17:22:17','2026-03-02 17:22:17'),(528,'Sendisk USB 512GB',2,'Supplied by vendor for PO #6','SENDISK-U5-HW-0-0/0268',NULL,NULL,NULL,'Available','Hardware','2026-03-02','2026-03-02',NULL,2,'2026-03-02 17:22:17','2026-03-02 17:22:17'),(529,'Sendisk USB 512GB',2,'Supplied by vendor for PO #6','SENDISK-U5-HW-0-0/0269',NULL,NULL,NULL,'Available','Hardware','2026-03-02','2026-03-02',NULL,2,'2026-03-02 17:22:17','2026-03-02 17:22:17'),(530,'Sendisk USB 512GB',2,'Supplied by vendor for PO #6','SENDISK-U5-HW-0-0/0270',NULL,NULL,NULL,'Available','Hardware','2026-03-02','2026-03-02',NULL,2,'2026-03-02 17:22:17','2026-03-02 17:22:17'),(531,'Sendisk USB 512GB',2,'Supplied by vendor for PO #6','SENDISK-U5-HW-0-0/0271',NULL,NULL,NULL,'Available','Hardware','2026-03-02','2026-03-02',NULL,2,'2026-03-02 17:22:17','2026-03-02 17:22:17'),(532,'Sendisk USB 512GB',2,'Supplied by vendor for PO #6','SENDISK-U5-HW-0-0/0272',NULL,NULL,NULL,'Available','Hardware','2026-03-02','2026-03-02',NULL,2,'2026-03-02 17:22:17','2026-03-02 17:22:17'),(533,'Sendisk USB 512GB',2,'Supplied by vendor for PO #6','SENDISK-U5-HW-0-0/0273',NULL,NULL,NULL,'Available','Hardware','2026-03-02','2026-03-02',NULL,2,'2026-03-02 17:22:17','2026-03-02 17:22:17'),(534,'Sendisk USB 512GB',2,'Supplied by vendor for PO #6','SENDISK-U5-HW-0-0/0274',NULL,NULL,NULL,'Available','Hardware','2026-03-02','2026-03-02',NULL,2,'2026-03-02 17:22:17','2026-03-02 17:22:17'),(535,'Sendisk USB 512GB',2,'Supplied by vendor for PO #6','SENDISK-U5-HW-0-0/0275',NULL,NULL,NULL,'Available','Hardware','2026-03-02','2026-03-02',NULL,2,'2026-03-02 17:22:17','2026-03-02 17:22:17'),(536,'Sendisk USB 512GB',2,'Supplied by vendor for PO #6','SENDISK-U5-HW-0-0/0276',NULL,NULL,NULL,'Available','Hardware','2026-03-02','2026-03-02',NULL,2,'2026-03-02 17:22:17','2026-03-02 17:22:17'),(537,'Sendisk USB 512GB',2,'Supplied by vendor for PO #6','SENDISK-U5-HW-0-0/0277',NULL,NULL,NULL,'Available','Hardware','2026-03-02','2026-03-02',NULL,2,'2026-03-02 17:22:17','2026-03-02 17:22:17'),(538,'Sendisk USB 512GB',2,'Supplied by vendor for PO #6','SENDISK-U5-HW-0-0/0278',NULL,NULL,NULL,'Available','Hardware','2026-03-02','2026-03-02',NULL,2,'2026-03-02 17:22:17','2026-03-02 17:22:17'),(539,'Sendisk USB 512GB',2,'Supplied by vendor for PO #6','SENDISK-U5-HW-0-0/0279',NULL,NULL,NULL,'Available','Hardware','2026-03-02','2026-03-02',NULL,2,'2026-03-02 17:22:17','2026-03-02 17:22:17'),(540,'Sendisk USB 512GB',2,'Supplied by vendor for PO #6','SENDISK-U5-HW-0-0/0280',NULL,NULL,NULL,'Available','Hardware','2026-03-02','2026-03-02',NULL,2,'2026-03-02 17:22:17','2026-03-02 17:22:17'),(541,'Sendisk USB 512GB',2,'Supplied by vendor for PO #6','SENDISK-U5-HW-0-0/0281',NULL,NULL,NULL,'Available','Hardware','2026-03-02','2026-03-02',NULL,2,'2026-03-02 17:22:17','2026-03-02 17:22:17'),(542,'Sendisk USB 512GB',2,'Supplied by vendor for PO #6','SENDISK-U5-HW-0-0/0282',NULL,NULL,NULL,'Available','Hardware','2026-03-02','2026-03-02',NULL,2,'2026-03-02 17:22:17','2026-03-02 17:22:17'),(543,'Sendisk USB 512GB',2,'Supplied by vendor for PO #6','SENDISK-U5-HW-0-0/0283',NULL,NULL,NULL,'Available','Hardware','2026-03-02','2026-03-02',NULL,2,'2026-03-02 17:22:17','2026-03-02 17:22:17'),(544,'Sendisk USB 512GB',2,'Supplied by vendor for PO #6','SENDISK-U5-HW-0-0/0284',NULL,NULL,NULL,'Available','Hardware','2026-03-02','2026-03-02',NULL,2,'2026-03-02 17:22:17','2026-03-02 17:22:17'),(545,'Sendisk USB 512GB',2,'Supplied by vendor for PO #6','SENDISK-U5-HW-0-0/0285',NULL,NULL,NULL,'Available','Hardware','2026-03-02','2026-03-02',NULL,2,'2026-03-02 17:22:17','2026-03-02 17:22:17'),(546,'Sendisk USB 512GB',2,'Supplied by vendor for PO #6','SENDISK-U5-HW-0-0/0286',NULL,NULL,NULL,'Available','Hardware','2026-03-02','2026-03-02',NULL,2,'2026-03-02 17:22:17','2026-03-02 17:22:17'),(547,'Sendisk USB 512GB',2,'Supplied by vendor for PO #6','SENDISK-U5-HW-0-0/0287',NULL,NULL,NULL,'Available','Hardware','2026-03-02','2026-03-02',NULL,2,'2026-03-02 17:22:17','2026-03-02 17:22:17'),(548,'Sendisk USB 512GB',2,'Supplied by vendor for PO #6','SENDISK-U5-HW-0-0/0288',NULL,NULL,NULL,'Available','Hardware','2026-03-02','2026-03-02',NULL,2,'2026-03-02 17:22:17','2026-03-02 17:22:17'),(549,'Sendisk USB 512GB',2,'Supplied by vendor for PO #6','SENDISK-U5-HW-0-0/0289',NULL,NULL,NULL,'Available','Hardware','2026-03-02','2026-03-02',NULL,2,'2026-03-02 17:22:17','2026-03-02 17:22:17'),(550,'Sendisk USB 512GB',2,'Supplied by vendor for PO #6','SENDISK-U5-HW-0-0/0290',NULL,NULL,NULL,'Available','Hardware','2026-03-02','2026-03-02',NULL,2,'2026-03-02 17:22:17','2026-03-02 17:22:17'),(551,'Sendisk USB 512GB',2,'Supplied by vendor for PO #6','SENDISK-U5-HW-0-0/0291',NULL,NULL,NULL,'Available','Hardware','2026-03-02','2026-03-02',NULL,2,'2026-03-02 17:22:17','2026-03-02 17:22:17'),(552,'Sendisk USB 512GB',2,'Supplied by vendor for PO #6','SENDISK-U5-HW-0-0/0292',NULL,NULL,NULL,'Available','Hardware','2026-03-02','2026-03-02',NULL,2,'2026-03-02 17:22:17','2026-03-02 17:22:17'),(553,'Sendisk USB 512GB',2,'Supplied by vendor for PO #6','SENDISK-U5-HW-0-0/0293',NULL,NULL,NULL,'Available','Hardware','2026-03-02','2026-03-02',NULL,2,'2026-03-02 17:22:17','2026-03-02 17:22:17'),(554,'Sendisk USB 512GB',2,'Supplied by vendor for PO #6','SENDISK-U5-HW-0-0/0294',NULL,NULL,NULL,'Available','Hardware','2026-03-02','2026-03-02',NULL,2,'2026-03-02 17:22:17','2026-03-02 17:22:17'),(555,'Sendisk USB 512GB',2,'Supplied by vendor for PO #6','SENDISK-U5-HW-0-0/0295',NULL,NULL,NULL,'Available','Hardware','2026-03-02','2026-03-02',NULL,2,'2026-03-02 17:22:17','2026-03-02 17:22:17'),(556,'Sendisk USB 512GB',2,'Supplied by vendor for PO #6','SENDISK-U5-HW-0-0/0296',NULL,NULL,NULL,'Available','Hardware','2026-03-02','2026-03-02',NULL,2,'2026-03-02 17:22:17','2026-03-02 17:22:17'),(557,'Sendisk USB 512GB',2,'Supplied by vendor for PO #6','SENDISK-U5-HW-0-0/0297',NULL,NULL,NULL,'Available','Hardware','2026-03-02','2026-03-02',NULL,2,'2026-03-02 17:22:17','2026-03-02 17:22:17'),(558,'Sendisk USB 512GB',2,'Supplied by vendor for PO #6','SENDISK-U5-HW-0-0/0298',NULL,NULL,NULL,'Available','Hardware','2026-03-02','2026-03-02',NULL,2,'2026-03-02 17:22:17','2026-03-02 17:22:17'),(559,'Sendisk USB 512GB',2,'Supplied by vendor for PO #6','SENDISK-U5-HW-0-0/0299',NULL,NULL,NULL,'Available','Hardware','2026-03-02','2026-03-02',NULL,2,'2026-03-02 17:22:17','2026-03-02 17:22:17'),(560,'Sendisk USB 512GB',2,'Supplied by vendor for PO #6','SENDISK-U5-HW-0-0/0300',NULL,NULL,NULL,'Available','Hardware','2026-03-02','2026-03-02',NULL,2,'2026-03-02 17:22:17','2026-03-02 17:22:17'),(561,'Sendisk USB 512GB',2,'Supplied by vendor for PO #6','SENDISK-U5-HW-0-0/0301',NULL,NULL,NULL,'Available','Hardware','2026-03-02','2026-03-02',NULL,2,'2026-03-02 17:22:17','2026-03-02 17:22:17'),(562,'Sendisk USB 512GB',2,'Supplied by vendor for PO #6','SENDISK-U5-HW-0-0/0302',NULL,NULL,NULL,'Available','Hardware','2026-03-02','2026-03-02',NULL,2,'2026-03-02 17:22:17','2026-03-02 17:22:17'),(563,'Sendisk USB 512GB',2,'Supplied by vendor for PO #6','SENDISK-U5-HW-0-0/0303',NULL,NULL,NULL,'Available','Hardware','2026-03-02','2026-03-02',NULL,2,'2026-03-02 17:22:17','2026-03-02 17:22:17'),(564,'Sendisk USB 512GB',2,'Supplied by vendor for PO #6','SENDISK-U5-HW-0-0/0304',NULL,NULL,NULL,'Available','Hardware','2026-03-02','2026-03-02',NULL,2,'2026-03-02 17:22:17','2026-03-02 17:22:17'),(565,'Sendisk USB 512GB',2,'Supplied by vendor for PO #6','SENDISK-U5-HW-0-0/0305',NULL,NULL,NULL,'Available','Hardware','2026-03-02','2026-03-02',NULL,2,'2026-03-02 17:22:17','2026-03-02 17:22:17'),(566,'Sendisk USB 512GB',2,'Supplied by vendor for PO #6','SENDISK-U5-HW-0-0/0306',NULL,NULL,NULL,'Available','Hardware','2026-03-02','2026-03-02',NULL,2,'2026-03-02 17:22:17','2026-03-02 17:22:17'),(567,'Sendisk USB 512GB',2,'Supplied by vendor for PO #6','SENDISK-U5-HW-0-0/0307',NULL,NULL,NULL,'Available','Hardware','2026-03-02','2026-03-02',NULL,2,'2026-03-02 17:22:17','2026-03-02 17:22:17'),(568,'Sendisk USB 512GB',2,'Supplied by vendor for PO #6','SENDISK-U5-HW-0-0/0308',NULL,NULL,NULL,'Available','Hardware','2026-03-02','2026-03-02',NULL,2,'2026-03-02 17:22:17','2026-03-02 17:22:17'),(569,'Sendisk USB 512GB',2,'Supplied by vendor for PO #6','SENDISK-U5-HW-0-0/0309',NULL,NULL,NULL,'Available','Hardware','2026-03-02','2026-03-02',NULL,2,'2026-03-02 17:22:17','2026-03-02 17:22:17'),(570,'Sendisk USB 512GB',2,'Supplied by vendor for PO #6','SENDISK-U5-HW-0-0/0310',NULL,NULL,NULL,'Available','Hardware','2026-03-02','2026-03-02',NULL,2,'2026-03-02 17:22:17','2026-03-02 17:22:17'),(571,'Sendisk USB 512GB',2,'Supplied by vendor for PO #6','SENDISK-U5-HW-0-0/0311',NULL,NULL,NULL,'Available','Hardware','2026-03-02','2026-03-02',NULL,2,'2026-03-02 17:22:17','2026-03-02 17:22:17'),(572,'Sendisk USB 512GB',2,'Supplied by vendor for PO #6','SENDISK-U5-HW-0-0/0312',NULL,NULL,NULL,'Available','Hardware','2026-03-02','2026-03-02',NULL,2,'2026-03-02 17:22:17','2026-03-02 17:22:17'),(573,'Sendisk USB 512GB',2,'Supplied by vendor for PO #6','SENDISK-U5-HW-0-0/0313',NULL,NULL,NULL,'Available','Hardware','2026-03-02','2026-03-02',NULL,2,'2026-03-02 17:22:17','2026-03-02 17:22:17'),(574,'Sendisk USB 512GB',2,'Supplied by vendor for PO #6','SENDISK-U5-HW-0-0/0314',NULL,NULL,NULL,'Available','Hardware','2026-03-02','2026-03-02',NULL,2,'2026-03-02 17:22:17','2026-03-02 17:22:17'),(575,'Sendisk USB 512GB',2,'Supplied by vendor for PO #6','SENDISK-U5-HW-0-0/0315',NULL,NULL,NULL,'Available','Hardware','2026-03-02','2026-03-02',NULL,2,'2026-03-02 17:22:17','2026-03-02 17:22:17'),(576,'Sendisk USB 512GB',2,'Supplied by vendor for PO #6','SENDISK-U5-HW-0-0/0316',NULL,NULL,NULL,'Available','Hardware','2026-03-02','2026-03-02',NULL,2,'2026-03-02 17:22:17','2026-03-02 17:22:17'),(577,'Sendisk USB 512GB',2,'Supplied by vendor for PO #6','SENDISK-U5-HW-0-0/0317',NULL,NULL,NULL,'Available','Hardware','2026-03-02','2026-03-02',NULL,2,'2026-03-02 17:22:17','2026-03-02 17:22:17'),(578,'Sendisk USB 512GB',2,'Supplied by vendor for PO #6','SENDISK-U5-HW-0-0/0318',NULL,NULL,NULL,'Available','Hardware','2026-03-02','2026-03-02',NULL,2,'2026-03-02 17:22:17','2026-03-02 17:22:17'),(579,'Sendisk USB 512GB',2,'Supplied by vendor for PO #6','SENDISK-U5-HW-0-0/0319',NULL,NULL,NULL,'Available','Hardware','2026-03-02','2026-03-02',NULL,2,'2026-03-02 17:22:17','2026-03-02 17:22:17'),(580,'Sendisk USB 512GB',2,'Supplied by vendor for PO #6','SENDISK-U5-HW-0-0/0320',NULL,NULL,NULL,'Available','Hardware','2026-03-02','2026-03-02',NULL,2,'2026-03-02 17:22:17','2026-03-02 17:22:17'),(581,'Sendisk USB 512GB',2,'Supplied by vendor for PO #6','SENDISK-U5-HW-0-0/0321',NULL,NULL,NULL,'Available','Hardware','2026-03-02','2026-03-02',NULL,2,'2026-03-02 17:22:17','2026-03-02 17:22:17'),(582,'Sendisk USB 512GB',2,'Supplied by vendor for PO #6','SENDISK-U5-HW-0-0/0322',NULL,NULL,NULL,'Available','Hardware','2026-03-02','2026-03-02',NULL,2,'2026-03-02 17:22:17','2026-03-02 17:22:17'),(583,'Sendisk USB 512GB',2,'Supplied by vendor for PO #6','SENDISK-U5-HW-0-0/0323',NULL,NULL,NULL,'Available','Hardware','2026-03-02','2026-03-02',NULL,2,'2026-03-02 17:22:17','2026-03-02 17:22:17'),(584,'Sendisk USB 512GB',2,'Supplied by vendor for PO #6','SENDISK-U5-HW-0-0/0324',NULL,NULL,NULL,'Available','Hardware','2026-03-02','2026-03-02',NULL,2,'2026-03-02 17:22:17','2026-03-02 17:22:17'),(585,'Sendisk USB 512GB',2,'Supplied by vendor for PO #6','SENDISK-U5-HW-0-0/0325',NULL,NULL,NULL,'Available','Hardware','2026-03-02','2026-03-02',NULL,2,'2026-03-02 17:22:17','2026-03-02 17:22:17'),(586,'Sendisk USB 512GB',2,'Supplied by vendor for PO #6','SENDISK-U5-HW-0-0/0326',NULL,NULL,NULL,'Available','Hardware','2026-03-02','2026-03-02',NULL,2,'2026-03-02 17:22:17','2026-03-02 17:22:17'),(587,'Sendisk USB 512GB',2,'Supplied by vendor for PO #6','SENDISK-U5-HW-0-0/0327',NULL,NULL,NULL,'Available','Hardware','2026-03-02','2026-03-02',NULL,2,'2026-03-02 17:22:17','2026-03-02 17:22:17'),(588,'Sendisk USB 512GB',2,'Supplied by vendor for PO #6','SENDISK-U5-HW-0-0/0328',NULL,NULL,NULL,'Available','Hardware','2026-03-02','2026-03-02',NULL,2,'2026-03-02 17:22:17','2026-03-02 17:22:17'),(589,'Sendisk USB 512GB',2,'Supplied by vendor for PO #6','SENDISK-U5-HW-0-0/0329',NULL,NULL,NULL,'Available','Hardware','2026-03-02','2026-03-02',NULL,2,'2026-03-02 17:22:17','2026-03-02 17:22:17'),(590,'Sendisk USB 512GB',2,'Supplied by vendor for PO #6','SENDISK-U5-HW-0-0/0330',NULL,NULL,NULL,'Available','Hardware','2026-03-02','2026-03-02',NULL,2,'2026-03-02 17:22:17','2026-03-02 17:22:17'),(591,'Sendisk USB 512GB',2,'Supplied by vendor for PO #6','SENDISK-U5-HW-0-0/0331',NULL,NULL,NULL,'Available','Hardware','2026-03-02','2026-03-02',NULL,2,'2026-03-02 17:22:17','2026-03-02 17:22:17'),(592,'Sendisk USB 512GB',2,'Supplied by vendor for PO #6','SENDISK-U5-HW-0-0/0332',NULL,NULL,NULL,'Available','Hardware','2026-03-02','2026-03-02',NULL,2,'2026-03-02 17:22:17','2026-03-02 17:22:17'),(593,'Sendisk USB 512GB',2,'Supplied by vendor for PO #6','SENDISK-U5-HW-0-0/0333',NULL,NULL,NULL,'Available','Hardware','2026-03-02','2026-03-02',NULL,2,'2026-03-02 17:22:17','2026-03-02 17:22:17'),(594,'Sendisk USB 512GB',2,'Supplied by vendor for PO #6','SENDISK-U5-HW-0-0/0334',NULL,NULL,NULL,'Available','Hardware','2026-03-02','2026-03-02',NULL,2,'2026-03-02 17:22:17','2026-03-02 17:22:17'),(595,'Sendisk USB 512GB',2,'Supplied by vendor for PO #6','SENDISK-U5-HW-0-0/0335',NULL,NULL,NULL,'Available','Hardware','2026-03-02','2026-03-02',NULL,2,'2026-03-02 17:22:17','2026-03-02 17:22:17'),(596,'Sendisk USB 512GB',2,'Supplied by vendor for PO #6','SENDISK-U5-HW-0-0/0336',NULL,NULL,NULL,'Available','Hardware','2026-03-02','2026-03-02',NULL,2,'2026-03-02 17:22:17','2026-03-02 17:22:17'),(597,'Sendisk USB 512GB',2,'Supplied by vendor for PO #6','SENDISK-U5-HW-0-0/0337',NULL,NULL,NULL,'Available','Hardware','2026-03-02','2026-03-02',NULL,2,'2026-03-02 17:22:17','2026-03-02 17:22:17'),(598,'Sendisk USB 512GB',2,'Supplied by vendor for PO #6','SENDISK-U5-HW-0-0/0338',NULL,NULL,NULL,'Available','Hardware','2026-03-02','2026-03-02',NULL,2,'2026-03-02 17:22:17','2026-03-02 17:22:17'),(599,'Sendisk USB 512GB',2,'Supplied by vendor for PO #6','SENDISK-U5-HW-0-0/0339',NULL,NULL,NULL,'Available','Hardware','2026-03-02','2026-03-02',NULL,2,'2026-03-02 17:22:17','2026-03-02 17:22:17'),(600,'Sendisk USB 512GB',2,'Supplied by vendor for PO #6','SENDISK-U5-HW-0-0/0340',NULL,NULL,NULL,'Available','Hardware','2026-03-02','2026-03-02',NULL,2,'2026-03-02 17:22:17','2026-03-02 17:22:17'),(601,'Sendisk USB 512GB',2,'Supplied by vendor for PO #6','SENDISK-U5-HW-0-0/0341',NULL,NULL,NULL,'Available','Hardware','2026-03-02','2026-03-02',NULL,2,'2026-03-02 17:22:17','2026-03-02 17:22:17'),(602,'Sendisk USB 512GB',2,'Supplied by vendor for PO #6','SENDISK-U5-HW-0-0/0342',NULL,NULL,NULL,'Available','Hardware','2026-03-02','2026-03-02',NULL,2,'2026-03-02 17:22:17','2026-03-02 17:22:17'),(603,'Sendisk USB 512GB',2,'Supplied by vendor for PO #6','SENDISK-U5-HW-0-0/0343',NULL,NULL,NULL,'Available','Hardware','2026-03-02','2026-03-02',NULL,2,'2026-03-02 17:22:17','2026-03-02 17:22:17'),(604,'Sendisk USB 512GB',2,'Supplied by vendor for PO #6','SENDISK-U5-HW-0-0/0344',NULL,NULL,NULL,'Available','Hardware','2026-03-02','2026-03-02',NULL,2,'2026-03-02 17:22:17','2026-03-02 17:22:17'),(605,'Sendisk USB 512GB',2,'Supplied by vendor for PO #6','SENDISK-U5-HW-0-0/0345',NULL,NULL,NULL,'Available','Hardware','2026-03-02','2026-03-02',NULL,2,'2026-03-02 17:22:17','2026-03-02 17:22:17'),(606,'Sendisk USB 512GB',2,'Supplied by vendor for PO #6','SENDISK-U5-HW-0-0/0346',NULL,NULL,NULL,'Available','Hardware','2026-03-02','2026-03-02',NULL,2,'2026-03-02 17:22:17','2026-03-02 17:22:17'),(607,'Sendisk USB 512GB',2,'Supplied by vendor for PO #6','SENDISK-U5-HW-0-0/0347',NULL,NULL,NULL,'Available','Hardware','2026-03-02','2026-03-02',NULL,2,'2026-03-02 17:22:17','2026-03-02 17:22:17'),(608,'Sendisk USB 512GB',2,'Supplied by vendor for PO #6','SENDISK-U5-HW-0-0/0348',NULL,NULL,NULL,'Available','Hardware','2026-03-02','2026-03-02',NULL,2,'2026-03-02 17:22:17','2026-03-02 17:22:17'),(609,'Sendisk USB 512GB',2,'Supplied by vendor for PO #6','SENDISK-U5-HW-0-0/0349',NULL,NULL,NULL,'Available','Hardware','2026-03-02','2026-03-02',NULL,2,'2026-03-02 17:22:17','2026-03-02 17:22:17'),(610,'Sendisk USB 512GB',2,'Supplied by vendor for PO #6','SENDISK-U5-HW-0-0/0350',NULL,NULL,NULL,'Available','Hardware','2026-03-02','2026-03-02',NULL,2,'2026-03-02 17:22:17','2026-03-02 17:22:17'),(611,'Sendisk USB 512GB',2,'Supplied by vendor for PO #6','SENDISK-U5-HW-0-0/0351',NULL,NULL,NULL,'Available','Hardware','2026-03-02','2026-03-02',NULL,2,'2026-03-02 17:22:17','2026-03-02 17:22:17'),(612,'Sendisk USB 512GB',2,'Supplied by vendor for PO #6','SENDISK-U5-HW-0-0/0352',NULL,NULL,NULL,'Available','Hardware','2026-03-02','2026-03-02',NULL,2,'2026-03-02 17:22:17','2026-03-02 17:22:17'),(613,'Sendisk USB 512GB',2,'Supplied by vendor for PO #6','SENDISK-U5-HW-0-0/0353',NULL,NULL,NULL,'Available','Hardware','2026-03-02','2026-03-02',NULL,2,'2026-03-02 17:22:17','2026-03-02 17:22:17'),(614,'Sendisk USB 512GB',2,'Supplied by vendor for PO #6','SENDISK-U5-HW-0-0/0354',NULL,NULL,NULL,'Available','Hardware','2026-03-02','2026-03-02',NULL,2,'2026-03-02 17:22:17','2026-03-02 17:22:17'),(615,'Sendisk USB 512GB',2,'Supplied by vendor for PO #6','SENDISK-U5-HW-0-0/0355',NULL,NULL,NULL,'Available','Hardware','2026-03-02','2026-03-02',NULL,2,'2026-03-02 17:22:17','2026-03-02 17:22:17'),(616,'Sendisk USB 512GB',2,'Supplied by vendor for PO #6','SENDISK-U5-HW-0-0/0356',NULL,NULL,NULL,'Available','Hardware','2026-03-02','2026-03-02',NULL,2,'2026-03-02 17:22:17','2026-03-02 17:22:17'),(617,'Sendisk USB 512GB',2,'Supplied by vendor for PO #6','SENDISK-U5-HW-0-0/0357',NULL,NULL,NULL,'Available','Hardware','2026-03-02','2026-03-02',NULL,2,'2026-03-02 17:22:17','2026-03-02 17:22:17'),(618,'Sendisk USB 512GB',2,'Supplied by vendor for PO #6','SENDISK-U5-HW-0-0/0358',NULL,NULL,NULL,'Available','Hardware','2026-03-02','2026-03-02',NULL,2,'2026-03-02 17:22:17','2026-03-02 17:22:17'),(619,'Sendisk USB 512GB',2,'Supplied by vendor for PO #6','SENDISK-U5-HW-0-0/0359',NULL,NULL,NULL,'Available','Hardware','2026-03-02','2026-03-02',NULL,2,'2026-03-02 17:22:17','2026-03-02 17:22:17'),(620,'Sendisk USB 512GB',2,'Supplied by vendor for PO #6','SENDISK-U5-HW-0-0/0360',NULL,NULL,NULL,'Available','Hardware','2026-03-02','2026-03-02',NULL,2,'2026-03-02 17:22:17','2026-03-02 17:22:17'),(621,'Sendisk USB 512GB',2,'Supplied by vendor for PO #6','SENDISK-U5-HW-0-0/0361',NULL,NULL,NULL,'Available','Hardware','2026-03-02','2026-03-02',NULL,2,'2026-03-02 17:22:17','2026-03-02 17:22:17'),(622,'Sendisk USB 512GB',2,'Supplied by vendor for PO #6','SENDISK-U5-HW-0-0/0362',NULL,NULL,NULL,'Available','Hardware','2026-03-02','2026-03-02',NULL,2,'2026-03-02 17:22:17','2026-03-02 17:22:17'),(623,'Sendisk USB 512GB',2,'Supplied by vendor for PO #6','SENDISK-U5-HW-0-0/0363',NULL,NULL,NULL,'Available','Hardware','2026-03-02','2026-03-02',NULL,2,'2026-03-02 17:22:17','2026-03-02 17:22:17'),(624,'Sendisk USB 512GB',2,'Supplied by vendor for PO #6','SENDISK-U5-HW-0-0/0364',NULL,NULL,NULL,'Available','Hardware','2026-03-02','2026-03-02',NULL,2,'2026-03-02 17:22:17','2026-03-02 17:22:17'),(625,'Sendisk USB 512GB',2,'Supplied by vendor for PO #6','SENDISK-U5-HW-0-0/0365',NULL,NULL,NULL,'Available','Hardware','2026-03-02','2026-03-02',NULL,2,'2026-03-02 17:22:17','2026-03-02 17:22:17'),(626,'Sendisk USB 512GB',2,'Supplied by vendor for PO #6','SENDISK-U5-HW-0-0/0366',NULL,NULL,NULL,'Available','Hardware','2026-03-02','2026-03-02',NULL,2,'2026-03-02 17:22:17','2026-03-02 17:22:17'),(627,'Sendisk USB 512GB',2,'Supplied by vendor for PO #6','SENDISK-U5-HW-0-0/0367',NULL,NULL,NULL,'Available','Hardware','2026-03-02','2026-03-02',NULL,2,'2026-03-02 17:22:17','2026-03-02 17:22:17'),(628,'Sendisk USB 512GB',2,'Supplied by vendor for PO #6','SENDISK-U5-HW-0-0/0368',NULL,NULL,NULL,'Available','Hardware','2026-03-02','2026-03-02',NULL,2,'2026-03-02 17:22:17','2026-03-02 17:22:17'),(629,'Sendisk USB 512GB',2,'Supplied by vendor for PO #6','SENDISK-U5-HW-0-0/0369',NULL,NULL,NULL,'Available','Hardware','2026-03-02','2026-03-02',NULL,2,'2026-03-02 17:22:17','2026-03-02 17:22:17'),(630,'Sendisk USB 512GB',2,'Supplied by vendor for PO #6','SENDISK-U5-HW-0-0/0370',NULL,NULL,NULL,'Available','Hardware','2026-03-02','2026-03-02',NULL,2,'2026-03-02 17:22:17','2026-03-02 17:22:17'),(631,'Sendisk USB 512GB',2,'Supplied by vendor for PO #6','SENDISK-U5-HW-0-0/0371',NULL,NULL,NULL,'Available','Hardware','2026-03-02','2026-03-02',NULL,2,'2026-03-02 17:22:17','2026-03-02 17:22:17'),(632,'Sendisk USB 512GB',2,'Supplied by vendor for PO #6','SENDISK-U5-HW-0-0/0372',NULL,NULL,NULL,'Available','Hardware','2026-03-02','2026-03-02',NULL,2,'2026-03-02 17:22:17','2026-03-02 17:22:17'),(633,'Sendisk USB 512GB',2,'Supplied by vendor for PO #6','SENDISK-U5-HW-0-0/0373',NULL,NULL,NULL,'Available','Hardware','2026-03-02','2026-03-02',NULL,2,'2026-03-02 17:22:17','2026-03-02 17:22:17'),(634,'Sendisk USB 512GB',2,'Supplied by vendor for PO #6','SENDISK-U5-HW-0-0/0374',NULL,NULL,NULL,'Available','Hardware','2026-03-02','2026-03-02',NULL,2,'2026-03-02 17:22:17','2026-03-02 17:22:17'),(635,'Sendisk USB 512GB',2,'Supplied by vendor for PO #6','SENDISK-U5-HW-0-0/0375',NULL,NULL,NULL,'Available','Hardware','2026-03-02','2026-03-02',NULL,2,'2026-03-02 17:22:17','2026-03-02 17:22:17'),(636,'Sendisk USB 512GB',2,'Supplied by vendor for PO #6','SENDISK-U5-HW-0-0/0376',NULL,NULL,NULL,'Available','Hardware','2026-03-02','2026-03-02',NULL,2,'2026-03-02 17:22:17','2026-03-02 17:22:17'),(637,'Sendisk USB 512GB',2,'Supplied by vendor for PO #6','SENDISK-U5-HW-0-0/0377',NULL,NULL,NULL,'Available','Hardware','2026-03-02','2026-03-02',NULL,2,'2026-03-02 17:22:17','2026-03-02 17:22:17'),(638,'Sendisk USB 512GB',2,'Supplied by vendor for PO #6','SENDISK-U5-HW-0-0/0378',NULL,NULL,NULL,'Available','Hardware','2026-03-02','2026-03-02',NULL,2,'2026-03-02 17:22:17','2026-03-02 17:22:17'),(639,'Sendisk USB 512GB',2,'Supplied by vendor for PO #6','SENDISK-U5-HW-0-0/0379',NULL,NULL,NULL,'Available','Hardware','2026-03-02','2026-03-02',NULL,2,'2026-03-02 17:22:17','2026-03-02 17:22:17'),(640,'Sendisk USB 512GB',2,'Supplied by vendor for PO #6','SENDISK-U5-HW-0-0/0380',NULL,NULL,NULL,'Available','Hardware','2026-03-02','2026-03-02',NULL,2,'2026-03-02 17:22:17','2026-03-02 17:22:17'),(641,'Sendisk USB 512GB',2,'Supplied by vendor for PO #6','SENDISK-U5-HW-0-0/0381',NULL,NULL,NULL,'Available','Hardware','2026-03-02','2026-03-02',NULL,2,'2026-03-02 17:22:17','2026-03-02 17:22:17'),(642,'Sendisk USB 512GB',2,'Supplied by vendor for PO #6','SENDISK-U5-HW-0-0/0382',NULL,NULL,NULL,'Available','Hardware','2026-03-02','2026-03-02',NULL,2,'2026-03-02 17:22:17','2026-03-02 17:22:17'),(643,'Sendisk USB 512GB',2,'Supplied by vendor for PO #6','SENDISK-U5-HW-0-0/0383',NULL,NULL,NULL,'Available','Hardware','2026-03-02','2026-03-02',NULL,2,'2026-03-02 17:22:17','2026-03-02 17:22:17'),(644,'Sendisk USB 512GB',2,'Supplied by vendor for PO #6','SENDISK-U5-HW-0-0/0384',NULL,NULL,NULL,'Available','Hardware','2026-03-02','2026-03-02',NULL,2,'2026-03-02 17:22:17','2026-03-02 17:22:17'),(645,'Sendisk USB 512GB',2,'Supplied by vendor for PO #6','SENDISK-U5-HW-0-0/0385',NULL,NULL,NULL,'Available','Hardware','2026-03-02','2026-03-02',NULL,2,'2026-03-02 17:22:17','2026-03-02 17:22:17'),(646,'Sendisk USB 512GB',2,'Supplied by vendor for PO #6','SENDISK-U5-HW-0-0/0386',NULL,NULL,NULL,'Available','Hardware','2026-03-02','2026-03-02',NULL,2,'2026-03-02 17:22:17','2026-03-02 17:22:17'),(647,'Sendisk USB 512GB',2,'Supplied by vendor for PO #6','SENDISK-U5-HW-0-0/0387',NULL,NULL,NULL,'Available','Hardware','2026-03-02','2026-03-02',NULL,2,'2026-03-02 17:22:17','2026-03-02 17:22:17'),(648,'Sendisk USB 512GB',2,'Supplied by vendor for PO #6','SENDISK-U5-HW-0-0/0388',NULL,NULL,NULL,'Available','Hardware','2026-03-02','2026-03-02',NULL,2,'2026-03-02 17:22:17','2026-03-02 17:22:17'),(649,'Sendisk USB 512GB',2,'Supplied by vendor for PO #6','SENDISK-U5-HW-0-0/0389',NULL,NULL,NULL,'Available','Hardware','2026-03-02','2026-03-02',NULL,2,'2026-03-02 17:22:17','2026-03-02 17:22:17'),(650,'Sendisk USB 512GB',2,'Supplied by vendor for PO #6','SENDISK-U5-HW-0-0/0390',NULL,NULL,NULL,'Available','Hardware','2026-03-02','2026-03-02',NULL,2,'2026-03-02 17:22:17','2026-03-02 17:22:17'),(651,'Sendisk USB 512GB',2,'Supplied by vendor for PO #6','SENDISK-U5-HW-0-0/0391',NULL,NULL,NULL,'Available','Hardware','2026-03-02','2026-03-02',NULL,2,'2026-03-02 17:22:17','2026-03-02 17:22:17'),(652,'Sendisk USB 512GB',2,'Supplied by vendor for PO #6','SENDISK-U5-HW-0-0/0392',NULL,NULL,NULL,'Available','Hardware','2026-03-02','2026-03-02',NULL,2,'2026-03-02 17:22:17','2026-03-02 17:22:17'),(653,'Sendisk USB 512GB',2,'Supplied by vendor for PO #6','SENDISK-U5-HW-0-0/0393',NULL,NULL,NULL,'Available','Hardware','2026-03-02','2026-03-02',NULL,2,'2026-03-02 17:22:17','2026-03-02 17:22:17'),(654,'Sendisk USB 512GB',2,'Supplied by vendor for PO #6','SENDISK-U5-HW-0-0/0394',NULL,NULL,NULL,'Available','Hardware','2026-03-02','2026-03-02',NULL,2,'2026-03-02 17:22:17','2026-03-02 17:22:17'),(655,'Sendisk USB 512GB',2,'Supplied by vendor for PO #6','SENDISK-U5-HW-0-0/0395',NULL,NULL,NULL,'Available','Hardware','2026-03-02','2026-03-02',NULL,2,'2026-03-02 17:22:17','2026-03-02 17:22:17'),(656,'Sendisk USB 512GB',2,'Supplied by vendor for PO #6','SENDISK-U5-HW-0-0/0396',NULL,NULL,NULL,'Available','Hardware','2026-03-02','2026-03-02',NULL,2,'2026-03-02 17:22:17','2026-03-02 17:22:17'),(657,'Sendisk USB 512GB',2,'Supplied by vendor for PO #6','SENDISK-U5-HW-0-0/0397',NULL,NULL,NULL,'Available','Hardware','2026-03-02','2026-03-02',NULL,2,'2026-03-02 17:22:17','2026-03-02 17:22:17'),(658,'Sendisk USB 512GB',2,'Supplied by vendor for PO #6','SENDISK-U5-HW-0-0/0398',NULL,NULL,NULL,'Available','Hardware','2026-03-02','2026-03-02',NULL,2,'2026-03-02 17:22:17','2026-03-02 17:22:17'),(659,'Sendisk USB 512GB',2,'Supplied by vendor for PO #6','SENDISK-U5-HW-0-0/0399',NULL,NULL,NULL,'Available','Hardware','2026-03-02','2026-03-02',NULL,2,'2026-03-02 17:22:17','2026-03-02 17:22:17'),(660,'Sendisk USB 512GB',2,'Supplied by vendor for PO #6','SENDISK-U5-HW-0-0/0400',NULL,NULL,NULL,'Available','Hardware','2026-03-02','2026-03-02',NULL,2,'2026-03-02 17:22:17','2026-03-02 17:22:17'),(661,'Sendisk USB 512GB',2,'Supplied by vendor for PO #6','SENDISK-U5-HW-0-0/0401',NULL,NULL,NULL,'Available','Hardware','2026-03-02','2026-03-02',NULL,2,'2026-03-02 17:23:30','2026-03-02 17:23:30'),(662,'Sendisk USB 512GB',2,'Supplied by vendor for PO #6','SENDISK-U5-HW-0-0/0402',NULL,NULL,NULL,'Available','Hardware','2026-03-02','2026-03-02',NULL,2,'2026-03-02 17:23:30','2026-03-02 17:23:30'),(663,'Sendisk USB 512GB',2,'Supplied by vendor for PO #6','SENDISK-U5-HW-0-0/0403',NULL,NULL,NULL,'Available','Hardware','2026-03-02','2026-03-02',NULL,2,'2026-03-02 17:23:30','2026-03-02 17:23:30'),(664,'Sendisk USB 512GB',2,'Supplied by vendor for PO #6','SENDISK-U5-HW-0-0/0404',NULL,NULL,NULL,'Available','Hardware','2026-03-02','2026-03-02',NULL,2,'2026-03-02 17:23:30','2026-03-02 17:23:30'),(665,'Sendisk USB 512GB',2,'Supplied by vendor for PO #6','SENDISK-U5-HW-0-0/0405',NULL,NULL,NULL,'Available','Hardware','2026-03-02','2026-03-02',NULL,2,'2026-03-02 17:23:30','2026-03-02 17:23:30'),(666,'Sendisk USB 512GB',2,'Supplied by vendor for PO #6','SENDISK-U5-HW-0-0/0406',NULL,NULL,NULL,'Available','Hardware','2026-03-02','2026-03-02',NULL,2,'2026-03-02 17:23:30','2026-03-02 17:23:30'),(667,'Sendisk USB 512GB',2,'Supplied by vendor for PO #6','SENDISK-U5-HW-0-0/0407',NULL,NULL,NULL,'Available','Hardware','2026-03-02','2026-03-02',NULL,2,'2026-03-02 17:23:30','2026-03-02 17:23:30'),(668,'Sendisk USB 512GB',2,'Supplied by vendor for PO #6','SENDISK-U5-HW-0-0/0408',NULL,NULL,NULL,'Available','Hardware','2026-03-02','2026-03-02',NULL,2,'2026-03-02 17:23:30','2026-03-02 17:23:30'),(669,'Sendisk USB 512GB',2,'Supplied by vendor for PO #6','SENDISK-U5-HW-0-0/0409',NULL,NULL,NULL,'Available','Hardware','2026-03-02','2026-03-02',NULL,2,'2026-03-02 17:23:30','2026-03-02 17:23:30'),(670,'Sendisk USB 512GB',2,'Supplied by vendor for PO #6','SENDISK-U5-HW-0-0/0410',NULL,NULL,NULL,'Available','Hardware','2026-03-02','2026-03-02',NULL,2,'2026-03-02 17:23:30','2026-03-02 17:23:30'),(671,'Sendisk USB 512GB',2,'Supplied by vendor for PO #6','SENDISK-U5-HW-0-0/0411',NULL,NULL,NULL,'Available','Hardware','2026-03-02','2026-03-02',NULL,2,'2026-03-02 17:23:30','2026-03-02 17:23:30'),(672,'Sendisk USB 512GB',2,'Supplied by vendor for PO #6','SENDISK-U5-HW-0-0/0412',NULL,NULL,NULL,'Available','Hardware','2026-03-02','2026-03-02',NULL,2,'2026-03-02 17:23:30','2026-03-02 17:23:30'),(673,'Sendisk USB 512GB',2,'Supplied by vendor for PO #6','SENDISK-U5-HW-0-0/0413',NULL,NULL,NULL,'Available','Hardware','2026-03-02','2026-03-02',NULL,2,'2026-03-02 17:23:30','2026-03-02 17:23:30'),(674,'Sendisk USB 512GB',2,'Supplied by vendor for PO #6','SENDISK-U5-HW-0-0/0414',NULL,NULL,NULL,'Available','Hardware','2026-03-02','2026-03-02',NULL,2,'2026-03-02 17:23:30','2026-03-02 17:23:30'),(675,'Sendisk USB 512GB',2,'Supplied by vendor for PO #6','SENDISK-U5-HW-0-0/0415',NULL,NULL,NULL,'Available','Hardware','2026-03-02','2026-03-02',NULL,2,'2026-03-02 17:23:30','2026-03-02 17:23:30'),(676,'Sendisk USB 512GB',2,'Supplied by vendor for PO #6','SENDISK-U5-HW-0-0/0416',NULL,NULL,NULL,'Available','Hardware','2026-03-02','2026-03-02',NULL,2,'2026-03-02 17:23:30','2026-03-02 17:23:30'),(677,'Sendisk USB 512GB',2,'Supplied by vendor for PO #6','SENDISK-U5-HW-0-0/0417',NULL,NULL,NULL,'Available','Hardware','2026-03-02','2026-03-02',NULL,2,'2026-03-02 17:23:30','2026-03-02 17:23:30'),(678,'Sendisk USB 512GB',2,'Supplied by vendor for PO #6','SENDISK-U5-HW-0-0/0418',NULL,NULL,NULL,'Available','Hardware','2026-03-02','2026-03-02',NULL,2,'2026-03-02 17:23:30','2026-03-02 17:23:30'),(679,'Sendisk USB 512GB',2,'Supplied by vendor for PO #6','SENDISK-U5-HW-0-0/0419',NULL,NULL,NULL,'Available','Hardware','2026-03-02','2026-03-02',NULL,2,'2026-03-02 17:23:30','2026-03-02 17:23:30'),(680,'Sendisk USB 512GB',2,'Supplied by vendor for PO #6','SENDISK-U5-HW-0-0/0420',NULL,NULL,NULL,'Available','Hardware','2026-03-02','2026-03-02',NULL,2,'2026-03-02 17:23:30','2026-03-02 17:23:30'),(681,'Sendisk USB 512GB',2,'Supplied by vendor for PO #6','SENDISK-U5-HW-0-0/0421',NULL,NULL,NULL,'Available','Hardware','2026-03-02','2026-03-02',NULL,2,'2026-03-02 17:23:30','2026-03-02 17:23:30'),(682,'Sendisk USB 512GB',2,'Supplied by vendor for PO #6','SENDISK-U5-HW-0-0/0422',NULL,NULL,NULL,'Available','Hardware','2026-03-02','2026-03-02',NULL,2,'2026-03-02 17:23:30','2026-03-02 17:23:30'),(683,'Sendisk USB 512GB',2,'Supplied by vendor for PO #6','SENDISK-U5-HW-0-0/0423',NULL,NULL,NULL,'Available','Hardware','2026-03-02','2026-03-02',NULL,2,'2026-03-02 17:23:30','2026-03-02 17:23:30'),(684,'Sendisk USB 512GB',2,'Supplied by vendor for PO #6','SENDISK-U5-HW-0-0/0424',NULL,NULL,NULL,'Available','Hardware','2026-03-02','2026-03-02',NULL,2,'2026-03-02 17:23:30','2026-03-02 17:23:30'),(685,'Sendisk USB 512GB',2,'Supplied by vendor for PO #6','SENDISK-U5-HW-0-0/0425',NULL,NULL,NULL,'Available','Hardware','2026-03-02','2026-03-02',NULL,2,'2026-03-02 17:23:30','2026-03-02 17:23:30'),(686,'Sendisk USB 512GB',2,'Supplied by vendor for PO #6','SENDISK-U5-HW-0-0/0426',NULL,NULL,NULL,'Available','Hardware','2026-03-02','2026-03-02',NULL,2,'2026-03-02 17:23:30','2026-03-02 17:23:30'),(687,'Sendisk USB 512GB',2,'Supplied by vendor for PO #6','SENDISK-U5-HW-0-0/0427',NULL,NULL,NULL,'Available','Hardware','2026-03-02','2026-03-02',NULL,2,'2026-03-02 17:23:30','2026-03-02 17:23:30'),(688,'Sendisk USB 512GB',2,'Supplied by vendor for PO #6','SENDISK-U5-HW-0-0/0428',NULL,NULL,NULL,'Available','Hardware','2026-03-02','2026-03-02',NULL,2,'2026-03-02 17:23:30','2026-03-02 17:23:30'),(689,'Sendisk USB 512GB',2,'Supplied by vendor for PO #6','SENDISK-U5-HW-0-0/0429',NULL,NULL,NULL,'Available','Hardware','2026-03-02','2026-03-02',NULL,2,'2026-03-02 17:23:30','2026-03-02 17:23:30'),(690,'Sendisk USB 512GB',2,'Supplied by vendor for PO #6','SENDISK-U5-HW-0-0/0430',NULL,NULL,NULL,'Available','Hardware','2026-03-02','2026-03-02',NULL,2,'2026-03-02 17:23:30','2026-03-02 17:23:30'),(691,'Sendisk USB 512GB',2,'Supplied by vendor for PO #6','SENDISK-U5-HW-0-0/0431',NULL,NULL,NULL,'Available','Hardware','2026-03-02','2026-03-02',NULL,2,'2026-03-02 17:23:30','2026-03-02 17:23:30'),(692,'Sendisk USB 512GB',2,'Supplied by vendor for PO #6','SENDISK-U5-HW-0-0/0432',NULL,NULL,NULL,'Available','Hardware','2026-03-02','2026-03-02',NULL,2,'2026-03-02 17:23:30','2026-03-02 17:23:30'),(693,'Sendisk USB 512GB',2,'Supplied by vendor for PO #6','SENDISK-U5-HW-0-0/0433',NULL,NULL,NULL,'Available','Hardware','2026-03-02','2026-03-02',NULL,2,'2026-03-02 17:23:30','2026-03-02 17:23:30'),(694,'Sendisk USB 512GB',2,'Supplied by vendor for PO #6','SENDISK-U5-HW-0-0/0434',NULL,NULL,NULL,'Available','Hardware','2026-03-02','2026-03-02',NULL,2,'2026-03-02 17:23:30','2026-03-02 17:23:30'),(695,'Sendisk USB 512GB',2,'Supplied by vendor for PO #6','SENDISK-U5-HW-0-0/0435',NULL,NULL,NULL,'Available','Hardware','2026-03-02','2026-03-02',NULL,2,'2026-03-02 17:23:30','2026-03-02 17:23:30'),(696,'Sendisk USB 512GB',2,'Supplied by vendor for PO #6','SENDISK-U5-HW-0-0/0436',NULL,NULL,NULL,'Available','Hardware','2026-03-02','2026-03-02',NULL,2,'2026-03-02 17:23:30','2026-03-02 17:23:30'),(697,'Sendisk USB 512GB',2,'Supplied by vendor for PO #6','SENDISK-U5-HW-0-0/0437',NULL,NULL,NULL,'Available','Hardware','2026-03-02','2026-03-02',NULL,2,'2026-03-02 17:23:30','2026-03-02 17:23:30'),(698,'Sendisk USB 512GB',2,'Supplied by vendor for PO #6','SENDISK-U5-HW-0-0/0438',NULL,NULL,NULL,'Available','Hardware','2026-03-02','2026-03-02',NULL,2,'2026-03-02 17:23:30','2026-03-02 17:23:30'),(699,'Sendisk USB 512GB',2,'Supplied by vendor for PO #6','SENDISK-U5-HW-0-0/0439',NULL,NULL,NULL,'Available','Hardware','2026-03-02','2026-03-02',NULL,2,'2026-03-02 17:23:30','2026-03-02 17:23:30'),(700,'Sendisk USB 512GB',2,'Supplied by vendor for PO #6','SENDISK-U5-HW-0-0/0440',NULL,NULL,NULL,'Available','Hardware','2026-03-02','2026-03-02',NULL,2,'2026-03-02 17:23:30','2026-03-02 17:23:30'),(701,'Sendisk USB 512GB',2,'Supplied by vendor for PO #6','SENDISK-U5-HW-0-0/0441',NULL,NULL,NULL,'Available','Hardware','2026-03-02','2026-03-02',NULL,2,'2026-03-02 17:23:30','2026-03-02 17:23:30'),(702,'Sendisk USB 512GB',2,'Supplied by vendor for PO #6','SENDISK-U5-HW-0-0/0442',NULL,NULL,NULL,'Available','Hardware','2026-03-02','2026-03-02',NULL,2,'2026-03-02 17:23:30','2026-03-02 17:23:30'),(703,'Sendisk USB 512GB',2,'Supplied by vendor for PO #6','SENDISK-U5-HW-0-0/0443',NULL,NULL,NULL,'Available','Hardware','2026-03-02','2026-03-02',NULL,2,'2026-03-02 17:23:30','2026-03-02 17:23:30'),(704,'Sendisk USB 512GB',2,'Supplied by vendor for PO #6','SENDISK-U5-HW-0-0/0444',NULL,NULL,NULL,'Available','Hardware','2026-03-02','2026-03-02',NULL,2,'2026-03-02 17:23:30','2026-03-02 17:23:30'),(705,'Sendisk USB 512GB',2,'Supplied by vendor for PO #6','SENDISK-U5-HW-0-0/0445',NULL,NULL,NULL,'Available','Hardware','2026-03-02','2026-03-02',NULL,2,'2026-03-02 17:23:30','2026-03-02 17:23:30'),(706,'Sendisk USB 512GB',2,'Supplied by vendor for PO #6','SENDISK-U5-HW-0-0/0446',NULL,NULL,NULL,'Available','Hardware','2026-03-02','2026-03-02',NULL,2,'2026-03-02 17:23:30','2026-03-02 17:23:30'),(707,'Sendisk USB 512GB',2,'Supplied by vendor for PO #6','SENDISK-U5-HW-0-0/0447',NULL,NULL,NULL,'Available','Hardware','2026-03-02','2026-03-02',NULL,2,'2026-03-02 17:23:30','2026-03-02 17:23:30'),(708,'Sendisk USB 512GB',2,'Supplied by vendor for PO #6','SENDISK-U5-HW-0-0/0448',NULL,NULL,NULL,'Available','Hardware','2026-03-02','2026-03-02',NULL,2,'2026-03-02 17:23:30','2026-03-02 17:23:30'),(709,'Sendisk USB 512GB',2,'Supplied by vendor for PO #6','SENDISK-U5-HW-0-0/0449',NULL,NULL,NULL,'Available','Hardware','2026-03-02','2026-03-02',NULL,2,'2026-03-02 17:23:30','2026-03-02 17:23:30'),(710,'Sendisk USB 512GB',2,'Supplied by vendor for PO #6','SENDISK-U5-HW-0-0/0450',NULL,NULL,NULL,'Available','Hardware','2026-03-02','2026-03-02',NULL,2,'2026-03-02 17:23:30','2026-03-02 17:23:30'),(711,'HP Victus 2050',2,'Supplied by vendor for PO #2','HP-V2-HW-0-0/0011',NULL,NULL,NULL,'Available','Hardware','2026-03-02','2026-03-02',NULL,2,'2026-03-02 17:24:50','2026-03-02 17:24:50'),(712,'HP Victus 2050',2,'Supplied by vendor for PO #2','HP-V2-HW-0-0/0012',NULL,NULL,NULL,'Available','Hardware','2026-03-02','2026-03-02',NULL,2,'2026-03-02 17:24:50','2026-03-02 17:24:50'),(713,'Apple MacBook Air',2,'Supplied by vendor for PO #8','APPLE-MA-HW-0-0/0001',NULL,NULL,NULL,'Available','Hardware','2026-03-03','2026-03-03',NULL,2,'2026-03-03 05:07:32','2026-03-03 05:07:32'),(714,'Apple MacBook Air',2,'Supplied by vendor for PO #8','APPLE-MA-HW-0-0/0002',NULL,NULL,NULL,'Available','Hardware','2026-03-03','2026-03-03',NULL,2,'2026-03-03 05:07:32','2026-03-03 05:07:32'),(715,'Dell Monitor',2,'Supplied by vendor for PO #7','DELL-M-HW-4-1/0006',4,1,1,'Available','Hardware','2026-03-03','2026-04-11',NULL,2,'2026-03-03 05:38:46','2026-03-07 05:56:55'),(716,'Dell Monitor',2,'Supplied by vendor for PO #7','DELL-M-HW-4-1/0007',4,1,1,'Available','Hardware','2026-03-03','2026-04-11',NULL,2,'2026-03-03 05:38:46','2026-03-07 04:52:46'),(717,'Dell Monitor',2,'Supplied by vendor for PO #7','DELL-M-HW-4-1/0008',4,1,1,'Available','Hardware','2026-03-03','2026-04-11',NULL,2,'2026-03-03 05:38:46','2026-03-07 04:52:46'),(718,'Dell Monitor',2,'Supplied by vendor for PO #7','DELL-M-HW-4-1/0009',4,1,1,'Available','Hardware','2026-03-03','2026-04-11',NULL,2,'2026-03-03 05:38:46','2026-03-07 04:52:46'),(719,'Dell Monitor',2,'Supplied by vendor for PO #7','DELL-M-HW-4-1/0010',4,1,1,'Available','Hardware','2026-03-03','2026-04-11',NULL,2,'2026-03-03 05:38:46','2026-03-07 04:52:46'),(720,'Dell Monitor',2,'Supplied by vendor for PO #7','DELL-M-HW-4-1/0011',4,1,1,'Available','Hardware','2026-03-03','2026-04-11',NULL,2,'2026-03-03 05:38:46','2026-03-07 04:52:46'),(721,'Dell Monitor',2,'Supplied by vendor for PO #7','DELL-M-HW-4-1/0012',4,1,1,'Available','Hardware','2026-03-03','2026-04-11',NULL,2,'2026-03-03 05:38:46','2026-03-07 04:52:46'),(722,'Dell Monitor',2,'Supplied by vendor for PO #7','DELL-M-HW-4-1/0013',4,1,1,'Available','Hardware','2026-03-03','2026-04-11',NULL,2,'2026-03-03 05:38:46','2026-03-07 04:52:46'),(723,'Dell Monitor',2,'Supplied by vendor for PO #7','DELL-M-HW-4-1/0014',4,1,1,'Available','Hardware','2026-03-03','2026-04-11',NULL,2,'2026-03-03 05:38:46','2026-03-07 04:52:46'),(724,'Dell Monitor',2,'Supplied by vendor for PO #7','DELL-M-HW-4-1/0015',4,1,1,'Available','Hardware','2026-03-03','2026-04-11',NULL,2,'2026-03-03 05:38:46','2026-03-07 04:52:46'),(725,'Dell Monitor',2,'Supplied by vendor for PO #10','DELL-M-HW-4-1/0016',4,1,1,'Available','Hardware','2026-03-07','2026-03-07',NULL,2,'2026-03-07 04:42:55','2026-03-07 04:42:55'),(726,'Dell Monitor',2,'Supplied by vendor for PO #10','DELL-M-HW-4-1/0017',4,1,1,'Available','Hardware','2026-03-07','2026-03-07',NULL,2,'2026-03-07 04:42:55','2026-03-07 04:42:55'),(727,'Dell Monitor',2,'Supplied by vendor for PO #10','DELL-M-HW-4-1/0018',4,1,1,'Available','Hardware','2026-03-07','2026-03-07',NULL,2,'2026-03-07 04:42:55','2026-03-07 04:42:55'),(728,'Dell Monitor',2,'Supplied by vendor for PO #10','DELL-M-HW-4-1/0019',4,1,1,'Available','Hardware','2026-03-07','2026-03-07',NULL,2,'2026-03-07 04:42:55','2026-03-07 04:42:55'),(729,'Dell Monitor',2,'Supplied by vendor for PO #10','DELL-M-HW-4-1/0020',4,1,1,'Available','Hardware','2026-03-07','2026-03-07',NULL,2,'2026-03-07 04:42:55','2026-03-07 04:42:55'),(730,'Dell Monitor',2,'Supplied by vendor for PO #10','DELL-M-HW-4-1/0021',4,1,1,'Available','Hardware','2026-03-07','2026-03-07',NULL,2,'2026-03-07 04:58:44','2026-03-07 04:58:44');
/*!40000 ALTER TABLE `assets` ENABLE KEYS */;
UNLOCK TABLES;

--
-- Table structure for table `categories`
--

DROP TABLE IF EXISTS `categories`;
/*!40101 SET @saved_cs_client     = @@character_set_client */;
/*!50503 SET character_set_client = utf8mb4 */;
CREATE TABLE `categories` (
  `id` int NOT NULL AUTO_INCREMENT,
  `org_id` int NOT NULL,
  `name` varchar(100) NOT NULL,
  `type` enum('Hardware','Software') NOT NULL DEFAULT 'Hardware',
  `description` varchar(100) DEFAULT NULL,
  `created_at` timestamp NULL DEFAULT CURRENT_TIMESTAMP,
  PRIMARY KEY (`id`),
  UNIQUE KEY `uq_category_org_name` (`org_id`,`name`),
  KEY `fk_category_org_id_idx` (`org_id`)
) ENGINE=InnoDB AUTO_INCREMENT=22 DEFAULT CHARSET=utf8mb4 COLLATE=utf8mb4_0900_ai_ci;
/*!40101 SET character_set_client = @saved_cs_client */;

--
-- Dumping data for table `categories`
--

LOCK TABLES `categories` WRITE;
/*!40000 ALTER TABLE `categories` DISABLE KEYS */;
INSERT INTO `categories` VALUES (1,2,'Desktop Computers','Hardware','Office desktop PCs used for administrative and academic work','2026-02-28 15:28:22'),(2,2,'Laptops','Hardware','Portable computers assigned to staff and faculty members','2026-02-28 15:28:22'),(3,2,'Servers','Hardware','Rack-mounted and physical servers used for hosting systems','2026-02-28 15:28:22'),(4,2,'Monitors & Displays','Hardware','LED, LCD and professional display screens','2026-02-28 15:28:22'),(5,2,'Printers & Scanners','Hardware','Network printers and document scanning devices','2026-02-28 15:28:22'),(6,2,'Networking Equipment','Hardware','Routers, switches, firewalls, and access points','2026-02-28 15:28:22'),(7,2,'Storage Devices','Hardware','External storage, NAS, SAN, SSD and HDD devices','2026-02-28 15:28:22'),(8,2,'Mobile Devices','Hardware','Official smartphones and tablets for work usage','2026-02-28 15:28:22'),(9,2,'Peripherals','Hardware','Input Devices','2026-02-28 17:28:06'),(10,2,'Cabling & Accessories','Hardware','LAN cables, adapters, docking stations and connectors','2026-02-28 15:28:22'),(11,2,'Projectors & AV Equipment','Hardware','Projectors, microphones, speakers and AV tools','2026-02-28 15:28:22'),(12,2,'Security Equipment','Hardware','CCTV cameras, biometric systems and access control devices','2026-02-28 15:28:22'),(13,2,'Software Licenses','Software','Licensed software applications and enterprise subscriptions','2026-02-28 15:28:22'),(14,2,'Cloud Services','Software','Cloud infrastructure and SaaS platforms like AWS or Azure','2026-02-28 15:28:22'),(15,2,'Development Tools','Software','Code editors, IDEs and development frameworks','2026-02-28 15:28:22'),(16,2,'Database Systems','Software','Database platforms such as MySQL, PostgreSQL and Oracle','2026-02-28 15:28:22'),(17,2,'Operating Systems','Software','Windows, Linux and macOS operating systems','2026-02-28 15:28:22'),(18,2,'Security Software','Software','Antivirus, firewall, endpoint and cybersecurity tools','2026-02-28 15:28:22'),(19,2,'Backup & Recovery Software','Software','Data backup, restore and disaster recovery systems','2026-02-28 15:28:22'),(20,2,'IT Management Tools','Software','Monitoring systems and IT service tools','2026-02-28 15:28:22');
/*!40000 ALTER TABLE `categories` ENABLE KEYS */;
UNLOCK TABLES;

--
-- Table structure for table `locations`
--

DROP TABLE IF EXISTS `locations`;
/*!40101 SET @saved_cs_client     = @@character_set_client */;
/*!50503 SET character_set_client = utf8mb4 */;
CREATE TABLE `locations` (
  `id` int NOT NULL AUTO_INCREMENT,
  `org_id` int NOT NULL,
  `name` varchar(100) NOT NULL,
  `address` varchar(255) NOT NULL,
  `description` varchar(100) DEFAULT NULL,
  `created_at` timestamp NULL DEFAULT CURRENT_TIMESTAMP,
  PRIMARY KEY (`id`),
  UNIQUE KEY `uq_location_org_name` (`org_id`,`name`),
  KEY `fk_location_org_id_idx` (`org_id`)
) ENGINE=InnoDB AUTO_INCREMENT=4 DEFAULT CHARSET=utf8mb4 COLLATE=utf8mb4_0900_ai_ci;
/*!40101 SET character_set_client = @saved_cs_client */;

--
-- Dumping data for table `locations`
--

LOCK TABLES `locations` WRITE;
/*!40000 ALTER TABLE `locations` DISABLE KEYS */;
INSERT INTO `locations` VALUES (1,2,'Development Team','607 broklin tower','','2026-02-28 21:08:23'),(2,2,'Office','605, Broklin Tower, Makarba','','2026-02-28 18:30:10');
/*!40000 ALTER TABLE `locations` ENABLE KEYS */;
UNLOCK TABLES;

--
-- Table structure for table `maintenance_records`
--

DROP TABLE IF EXISTS `maintenance_records`;
/*!40101 SET @saved_cs_client     = @@character_set_client */;
/*!50503 SET character_set_client = utf8mb4 */;
CREATE TABLE `maintenance_records` (
  `id` int NOT NULL AUTO_INCREMENT,
  `asset_id` int NOT NULL,
  `maintenance_by` int DEFAULT NULL,
  `maintenance_type` enum('Repair','Configuration','Upgrade') NOT NULL,
  `description` varchar(100) DEFAULT NULL,
  `status` enum('Pending','In Progress','Completed') DEFAULT 'Pending',
  `created_at` timestamp NULL DEFAULT CURRENT_TIMESTAMP,
  `updated_at` timestamp NULL DEFAULT CURRENT_TIMESTAMP ON UPDATE CURRENT_TIMESTAMP,
  PRIMARY KEY (`id`),
  UNIQUE KEY `uq_maintenance_asset_time` (`asset_id`,`created_at`),
  KEY `fk_maintenance_by` (`maintenance_by`)
) ENGINE=InnoDB AUTO_INCREMENT=3 DEFAULT CHARSET=utf8mb4 COLLATE=utf8mb4_0900_ai_ci;
/*!40101 SET character_set_client = @saved_cs_client */;

--
-- Dumping data for table `maintenance_records`
--

LOCK TABLES `maintenance_records` WRITE;
/*!40000 ALTER TABLE `maintenance_records` DISABLE KEYS */;
INSERT INTO `maintenance_records` VALUES (1,108,8,'Configuration',NULL,'In Progress','2026-03-15 05:25:55','2026-03-15 05:27:13'),(2,43,8,'Upgrade','Not Clicking keys','Pending','2026-03-15 05:58:56','2026-03-15 05:58:56');
/*!40000 ALTER TABLE `maintenance_records` ENABLE KEYS */;
UNLOCK TABLES;

--
-- Table structure for table `organizations`
--

DROP TABLE IF EXISTS `organizations`;
/*!40101 SET @saved_cs_client     = @@character_set_client */;
/*!50503 SET character_set_client = utf8mb4 */;
CREATE TABLE `organizations` (
  `id` int NOT NULL AUTO_INCREMENT,
  `name` varchar(150) NOT NULL,
  `description` varchar(255) DEFAULT NULL,
  `orgpk` varchar(10) NOT NULL,
  `member` tinyint NOT NULL DEFAULT '1',
  `v_opk` varchar(10) NOT NULL,
  `status` enum('Active','Suspended','Closed','Deleted') DEFAULT 'Active',
  `created_at` timestamp NULL DEFAULT CURRENT_TIMESTAMP,
  `updated_at` timestamp NULL DEFAULT CURRENT_TIMESTAMP ON UPDATE CURRENT_TIMESTAMP,
  PRIMARY KEY (`id`),
  UNIQUE KEY `idx_v_opk` (`v_opk`),
  UNIQUE KEY `orgpk_UNIQUE` (`orgpk`),
  UNIQUE KEY `uq_org_orgpk` (`orgpk`),
  UNIQUE KEY `uq_org_vopk` (`v_opk`),
  UNIQUE KEY `uq_org_name` (`name`)
) ENGINE=InnoDB AUTO_INCREMENT=4 DEFAULT CHARSET=utf8mb4 COLLATE=utf8mb4_0900_ai_ci;
/*!40101 SET character_set_client = @saved_cs_client */;

--
-- Dumping data for table `organizations`
--

LOCK TABLES `organizations` WRITE;
/*!40000 ALTER TABLE `organizations` DISABLE KEYS */;
INSERT INTO `organizations` VALUES (1,'DEV TEAM',NULL,'DEVOP',1,'BBBBBB','Active','2026-02-11 05:56:17','2026-02-11 05:56:17'),(2,'Hashtechy','605-Broklyen Tower, Makarba, Ahmendabad','WMZ54',2,'2IICC','Active','2026-02-28 14:56:19','2026-03-11 13:14:57'),(3,'Silicon System','Baronate, opp. sabarmati Police Station, Ahmedabad','GXGQE',1,'D0YTL','Suspended','2026-03-02 16:16:33','2026-03-05 04:15:48');
/*!40000 ALTER TABLE `organizations` ENABLE KEYS */;
UNLOCK TABLES;

--
-- Table structure for table `purchase_orders`
--

DROP TABLE IF EXISTS `purchase_orders`;
/*!40101 SET @saved_cs_client     = @@character_set_client */;
/*!50503 SET character_set_client = utf8mb4 */;
CREATE TABLE `purchase_orders` (
  `id` int NOT NULL AUTO_INCREMENT,
  `supervisor_id` int NOT NULL,
  `vendor_id` int DEFAULT NULL,
  `asset_name` varchar(100) NOT NULL,
  `quantity` int NOT NULL,
  `quote` decimal(10,2) DEFAULT NULL,
  `status` enum('Requested','Quoted','Approved','Rejected','Delivered') DEFAULT 'Requested',
  `admin_id` int DEFAULT NULL,
  `created_at` timestamp NULL DEFAULT CURRENT_TIMESTAMP,
  `updated_at` timestamp NULL DEFAULT CURRENT_TIMESTAMP ON UPDATE CURRENT_TIMESTAMP,
  PRIMARY KEY (`id`),
  UNIQUE KEY `uq_purchase_vendor_asset` (`vendor_id`,`asset_name`,`created_at`),
  KEY `fk_purchase_supervisor` (`supervisor_id`),
  KEY `fk_purchase_admin` (`admin_id`)
) ENGINE=InnoDB AUTO_INCREMENT=14 DEFAULT CHARSET=utf8mb4 COLLATE=utf8mb4_0900_ai_ci;
/*!40101 SET character_set_client = @saved_cs_client */;

--
-- Dumping data for table `purchase_orders`
--

LOCK TABLES `purchase_orders` WRITE;
/*!40000 ALTER TABLE `purchase_orders` DISABLE KEYS */;
INSERT INTO `purchase_orders` VALUES (1,4,NULL,'HP Victus 2050',12,NULL,'Rejected',3,'2026-03-02 07:18:03','2026-03-02 07:19:36'),(2,4,2,'HP Victus 2050',0,75000.00,'Delivered',3,'2026-03-02 07:18:03','2026-03-02 17:24:50'),(3,4,NULL,'Apple MacBook Air',5,NULL,'Rejected',3,'2026-03-02 07:20:18','2026-03-03 05:07:18'),(4,4,NULL,'Sendisk USB 512GB',500,NULL,'Rejected',3,'2026-03-02 16:22:27','2026-03-02 17:21:17'),(5,4,NULL,'Dell Monitor',10,NULL,'Rejected',3,'2026-03-02 16:23:48','2026-03-03 05:38:18'),(6,4,2,'Sendisk USB 512GB',50,150.00,'Approved',3,'2026-03-02 16:22:27','2026-03-02 17:23:30'),(7,4,2,'Dell Monitor',0,9999.00,'Delivered',3,'2026-03-02 16:23:48','2026-03-03 05:38:46'),(8,4,2,'Apple MacBook Air',3,10000.00,'Approved',3,'2026-03-02 07:20:18','2026-03-03 05:07:32'),(9,4,NULL,'Dell Monitor',10,NULL,'Rejected',3,'2026-03-05 06:59:11','2026-03-07 03:22:29'),(10,4,2,'Dell Monitor',4,100.00,'Approved',3,'2026-03-05 06:59:11','2026-03-07 04:58:44'),(11,4,NULL,'HP Keyboard',15,NULL,'Requested',NULL,'2026-03-05 06:59:59','2026-03-05 06:59:59'),(12,4,NULL,'HAhah',10,NULL,'Rejected',3,'2026-03-07 03:23:54','2026-03-07 03:25:08'),(13,4,2,'HAhah',10,240.00,'Approved',3,'2026-03-07 03:23:54','2026-03-07 03:25:08');
/*!40000 ALTER TABLE `purchase_orders` ENABLE KEYS */;
UNLOCK TABLES;

--
-- Table structure for table `rooms`
--

DROP TABLE IF EXISTS `rooms`;
/*!40101 SET @saved_cs_client     = @@character_set_client */;
/*!50503 SET character_set_client = utf8mb4 */;
CREATE TABLE `rooms` (
  `id` int NOT NULL AUTO_INCREMENT,
  `name` varchar(100) NOT NULL,
  `floor` varchar(25) NOT NULL,
  `capacity` int DEFAULT NULL,
  `description` varchar(100) DEFAULT NULL,
  `location_id` int NOT NULL,
  `created_at` timestamp NULL DEFAULT CURRENT_TIMESTAMP,
  PRIMARY KEY (`id`),
  UNIQUE KEY `uq_room_location_name` (`location_id`,`name`),
  KEY `fk_room_loc_id_idx` (`location_id`)
) ENGINE=InnoDB AUTO_INCREMENT=5 DEFAULT CHARSET=utf8mb4 COLLATE=utf8mb4_0900_ai_ci;
/*!40101 SET character_set_client = @saved_cs_client */;

--
-- Dumping data for table `rooms`
--

LOCK TABLES `rooms` WRITE;
/*!40000 ALTER TABLE `rooms` DISABLE KEYS */;
INSERT INTO `rooms` VALUES (1,'Team 1','6',15,'',1,'2026-02-28 21:08:57'),(2,'Team 2','6',15,'',1,'2026-02-28 21:14:37'),(3,'Designing Team','6',8,'',1,'2026-02-28 21:14:55'),(4,'Director ','6',2,'',2,'2026-02-28 21:29:54');
/*!40000 ALTER TABLE `rooms` ENABLE KEYS */;
UNLOCK TABLES;

--
-- Table structure for table `users`
--

DROP TABLE IF EXISTS `users`;
/*!40101 SET @saved_cs_client     = @@character_set_client */;
/*!50503 SET character_set_client = utf8mb4 */;
CREATE TABLE `users` (
  `id` int NOT NULL AUTO_INCREMENT,
  `name` varchar(100) NOT NULL,
  `email` varchar(100) NOT NULL,
  `password` varchar(100) NOT NULL,
  `role` enum('Employee','Maintenance','Software Developer','Super Admin','Supervisor','Vendor') NOT NULL,
  `status` enum('Active','On Leave','Resigned','Retired','Terminated') DEFAULT 'Active',
  `department` varchar(50) DEFAULT NULL,
  `phone` varchar(25) NOT NULL,
  `ownpk` varchar(10) DEFAULT NULL,
  `unpk` varchar(10) DEFAULT NULL,
  `org_id` int DEFAULT NULL,
  `loc_id` int DEFAULT NULL,
  `room_id` int DEFAULT NULL,
  `created_at` timestamp NULL DEFAULT CURRENT_TIMESTAMP,
  `updated_at` timestamp NULL DEFAULT CURRENT_TIMESTAMP ON UPDATE CURRENT_TIMESTAMP,
  PRIMARY KEY (`id`),
  UNIQUE KEY `UNIQUE` (`phone`,`email`,`ownpk`),
  UNIQUE KEY `uq_users_ownpk` (`ownpk`),
  KEY `fk_user_org_id_idx` (`org_id`),
  KEY `fk_user_set_loc_and_room_idx` (`loc_id`,`room_id`),
  KEY `fk_user_room_id_idx` (`room_id`),
  KEY `idx_users_email_phone_org_status` (`email`,`phone`,`org_id`,`status`),
  CONSTRAINT `users_chk_1` CHECK (((`role` = _utf8mb4'vendor') or (`unpk` is not null)))
) ENGINE=InnoDB AUTO_INCREMENT=13 DEFAULT CHARSET=utf8mb4 COLLATE=utf8mb4_0900_ai_ci;
/*!40101 SET character_set_client = @saved_cs_client */;

--
-- Dumping data for table `users`
--

LOCK TABLES `users` WRITE;
/*!40000 ALTER TABLE `users` DISABLE KEYS */;
INSERT INTO `users` VALUES (1,'Parshva Shah','ps@gmail.com','$2a$10$9a.6XxyxjFzcYEueHsteseKhvIZPlXf1XjPdgbS78nl4j9Ue4VbxK','Software Developer','On Leave',NULL,'9904788808',NULL,'DEVOP',1,NULL,NULL,'2026-02-28 14:48:30','2026-03-05 04:25:29'),(2,'Hitesh Patel','hp@gmail.com','$2a$10$kaPfpPOV87TkjU4eeF4kee9dSm6qu8zCzbkm8CfjdwpFYVAn9ZNoy','Vendor','Active','Silicon System','7480241539',NULL,NULL,NULL,NULL,NULL,'2026-02-28 14:58:33','2026-03-04 08:58:58'),(3,'CEO','ceo@hashtechy.com','$2a$10$N0FCjnodRX3rE0mOWL9z8OlxjXrqp1XXLAppV0K56QIlOIB448ip6','Super Admin','Active',NULL,'4710852963','EJNVZ','WMZ54',2,NULL,NULL,'2026-02-28 15:14:20','2026-03-01 12:03:44'),(4,'Project Leader 1','pl1@gmail.com','$2a$10$CyTPLgj4Yhsn7SybqPrzuOaqyY09e8iu5HsTgtSp1R/7T77mM0uv.','Supervisor','Active','Project Team','7896521585','CWLUY','EJNVZ',2,1,1,'2026-02-28 20:58:35','2026-02-28 21:46:31'),(5,'Project Leader 2','pl2@gmail.com','$2a$10$USM4waZTasBS.wkAAcCpnOJ5cU6jzldsae0im5nnhuJmUpc0yicK.','Supervisor','Active','Project Team','7854258425','ZMY7C','EJNVZ',2,1,2,'2026-02-28 20:59:56','2026-02-28 21:46:17'),(6,'Employee 1','e1@gmail.com','$2a$10$PNOWDx4RwjaLHHboG6DsDOEAuKMNDKIye1J9pBUn12RxTs51KHNkG','Employee','On Leave','Frontend Developer','7541254157',NULL,'CWLUY',2,1,1,'2026-03-01 07:05:57','2026-03-05 05:48:07'),(7,'Employee 2','e2@gmail.com','$2a$10$Bw7Jt6nEOFwVZ0A3VegYze8iWzNtvWVX03.bB46SIAtyJ3PRnRefq','Employee','Active','Full Stack Developer','7412574585',NULL,'CWLUY',2,1,1,'2026-03-01 07:06:42','2026-03-01 14:15:13'),(8,'Maintenance 1','m1@gmail.com','$2a$10$QFtL/EB3XfSwaS0tF8S9X.g8dBJZeG47eFLMu1ltXACBZvBOy7tbe','Maintenance','Active',NULL,'7458252525',NULL,'EJNVZ',2,1,NULL,'2026-03-01 07:19:20','2026-03-07 03:36:04'),(9,'Employee 3','e3@gmail.com','$2a$10$V2bP6Rxav.57TF/LQz9N2uqTGmlYvMDJxsxGrxeE0IHWwYASdocYe','Employee','Active',NULL,'4552525852',NULL,'CWLUY',2,1,1,'2026-03-01 14:20:50','2026-03-01 14:20:50'),(10,'Project Leader 3','pl3@gmail.com','$2a$10$YY6LvNyedpzCiDjE/w.a8eFfdRJMt4egl.s4KkYEF1OcVTjAgCjKG','Supervisor','Active',NULL,'8520852054','HJWDB','EJNVZ',2,1,1,'2026-03-01 14:22:21','2026-03-01 14:22:21'),(11,'Employee 4','e4@gmail.com','$2a$10$UFRI2.JakCoDcmUapplN1O3NcmWqR29I98MIfccck1NiKJo.Vnv1C','Employee','Active',NULL,'8645321658',NULL,'HJWDB',2,1,1,'2026-03-01 14:24:05','2026-03-15 05:21:43'),(12,'Maintenance 2','m2@gmail.com','$2a$10$Jp2FJirVWxkZxcXhWSQRReaC6FrS4W5l1oajlPqDfxzDWOP5Mjbuq','Maintenance','Active',NULL,'7585285209',NULL,'EJNVZ',2,NULL,NULL,'2026-03-07 03:35:50','2026-03-07 03:35:50');
/*!40000 ALTER TABLE `users` ENABLE KEYS */;
UNLOCK TABLES;

--
-- Table structure for table `vendor_org`
--

DROP TABLE IF EXISTS `vendor_org`;
/*!40101 SET @saved_cs_client     = @@character_set_client */;
/*!50503 SET character_set_client = utf8mb4 */;
CREATE TABLE `vendor_org` (
  `id` int NOT NULL AUTO_INCREMENT,
  `vendor_id` int NOT NULL,
  `org_key` varchar(255) NOT NULL,
  PRIMARY KEY (`id`),
  UNIQUE KEY `uq_vendor_org` (`vendor_id`,`org_key`),
  KEY `fk_vendor_org_user` (`vendor_id`),
  KEY `fk_vendor_org_org_key` (`org_key`)
) ENGINE=InnoDB AUTO_INCREMENT=2 DEFAULT CHARSET=utf8mb4 COLLATE=utf8mb4_0900_ai_ci;
/*!40101 SET character_set_client = @saved_cs_client */;

--
-- Dumping data for table `vendor_org`
--

LOCK TABLES `vendor_org` WRITE;
/*!40000 ALTER TABLE `vendor_org` DISABLE KEYS */;
INSERT INTO `vendor_org` VALUES (1,2,'2IICC');
/*!40000 ALTER TABLE `vendor_org` ENABLE KEYS */;
UNLOCK TABLES;
SET @@SESSION.SQL_LOG_BIN = @MYSQLDUMP_TEMP_LOG_BIN;
/*!40103 SET TIME_ZONE=@OLD_TIME_ZONE */;

/*!40101 SET SQL_MODE=@OLD_SQL_MODE */;
/*!40014 SET FOREIGN_KEY_CHECKS=@OLD_FOREIGN_KEY_CHECKS */;
/*!40014 SET UNIQUE_CHECKS=@OLD_UNIQUE_CHECKS */;
/*!40101 SET CHARACTER_SET_CLIENT=@OLD_CHARACTER_SET_CLIENT */;
/*!40101 SET CHARACTER_SET_RESULTS=@OLD_CHARACTER_SET_RESULTS */;
/*!40101 SET COLLATION_CONNECTION=@OLD_COLLATION_CONNECTION */;
/*!40111 SET SQL_NOTES=@OLD_SQL_NOTES */;

-- Dump completed on 2026-03-15 11:31:48
